Timestamp,Moeda,Tipo,Preco,DEX
2026-01-04 15:50:04,USDT,COMPRA,0.9997,uniswap
2026-01-04 15:50:04,USDe,COMPRA,0.9996,camelot
2026-01-04 15:50:04,MIM,COMPRA,0.9993,uniswap
2026-01-04 16:20:02,USDT,COMPRA,0.9997,uniswap
2026-01-04 16:20:02,USDe,COMPRA,0.9996,camelot
2026-01-04 16:20:02,MIM,COMPRA,0.9993,uniswap
2026-01-04 16:46:14,USDT,COMPRA,0.9997,uniswap
2026-01-04 16:46:14,USDe,COMPRA,0.9997,camelot
2026-01-04 16:46:14,MIM,COMPRA,0.9993,uniswap
2026-01-04 17:14:28,USDT,COMPRA,0.9997,uniswap
2026-01-04 17:14:28,USDe,COMPRA,0.9998,camelot
2026-01-04 17:14:28,MIM,COMPRA,0.9995,uniswap
2026-01-04 17:33:24,USDT,COMPRA,0.9997,uniswap
2026-01-04 17:33:24,USDe,COMPRA,0.9997,camelot
2026-01-04 17:33:24,MIM,COMPRA,0.9995,uniswap
2026-01-04 17:49:53,USDT,COMPRA,0.9997,uniswap
2026-01-04 17:49:53,USDe,COMPRA,0.9997,camelot
2026-01-04 17:49:53,MIM,COMPRA,0.9995,uniswap
2026-01-04 18:24:09,USDT,COMPRA,0.9997,uniswap
2026-01-04 18:24:09,USDe,COMPRA,0.9997,camelot
2026-01-04 18:24:09,MIM,COMPRA,0.9999,uniswap
2026-01-04 18:50:12,USDT,COMPRA,0.9997,uniswap
2026-01-04 18:50:12,USDe,COMPRA,0.9997,camelot
2026-01-04 18:50:12,MIM,COMPRA,0.9999,uniswap
2026-01-04 19:13:37,USDT,COMPRA,0.9997,uniswap
2026-01-04 19:13:37,USDe,COMPRA,0.9998,camelot
2026-01-04 19:13:37,MIM,COMPRA,0.9999,uniswap
2026-01-04 19:28:18,USDT,COMPRA,0.9997,uniswap
2026-01-04 19:28:18,USDe,COMPRA,0.9998,camelot
2026-01-04 19:28:18,MIM,COMPRA,0.9999,uniswap
2026-01-04 19:39:48,USDT,COMPRA,0.9997,uniswap
2026-01-04 19:39:48,USDe,COMPRA,0.9997,camelot
2026-01-04 19:39:48,MIM,COMPRA,0.9999,uniswap
2026-01-04 19:49:52,USDT,COMPRA,0.9997,uniswap
2026-01-04 19:49:52,USDe,COMPRA,0.9998,camelot
2026-01-04 19:49:52,MIM,COMPRA,0.9999,uniswap
2026-01-04 20:19:17,USDT,COMPRA,0.9997,uniswap
2026-01-04 20:19:17,USDe,COMPRA,0.9998,camelot
2026-01-04 20:19:17,MIM,COMPRA,0.9999,uniswap
2026-01-04 20:42:51,USDT,COMPRA,0.9997,uniswap
2026-01-04 20:42:51,USDe,COMPRA,0.9998,camelot
2026-01-04 20:42:51,MIM,COMPRA,0.9999,uniswap
2026-01-04 20:53:43,USDT,COMPRA,0.9997,uniswap
2026-01-04 20:53:43,USDe,COMPRA,0.9998,camelot
2026-01-04 20:53:43,MIM,COMPRA,0.9999,uniswap
2026-01-04 21:15:44,USDT,COMPRA,0.9997,uniswap
2026-01-04 21:15:44,USDe,COMPRA,0.9996,camelot
2026-01-04 21:15:44,MIM,COMPRA,0.9999,uniswap
2026-01-04 21:39:00,USDT,COMPRA,0.9997,uniswap
2026-01-04 21:39:00,USDe,COMPRA,0.9996,camelot
2026-01-04 21:39:00,MIM,COMPRA,0.9999,uniswap
2026-01-04 21:49:47,USDT,COMPRA,0.9997,uniswap
2026-01-04 21:49:47,USDe,COMPRA,0.9996,camelot
2026-01-04 21:49:47,MIM,COMPRA,0.9999,uniswap
2026-01-04 22:16:53,USDT,COMPRA,0.9996,uniswap
2026-01-04 22:16:53,USDe,COMPRA,0.9997,camelot
2026-01-04 22:16:53,MIM,COMPRA,0.9999,uniswap
2026-01-04 22:43:19,USDT,COMPRA,0.9996,uniswap
2026-01-04 22:43:19,USDe,COMPRA,0.9998,camelot
2026-01-04 22:43:19,MIM,COMPRA,0.9999,uniswap
2026-01-04 22:53:46,USDT,COMPRA,0.9996,uniswap
2026-01-04 22:53:46,USDe,COMPRA,0.9998,camelot
2026-01-04 22:53:46,MIM,COMPRA,0.9999,uniswap
2026-01-04 23:16:45,USDT,COMPRA,0.9996,uniswap
2026-01-04 23:16:45,USDe,COMPRA,0.9997,camelot
2026-01-04 23:16:45,MIM,COMPRA,0.9999,uniswap
2026-01-04 23:40:11,USDT,COMPRA,0.9996,uniswap
2026-01-04 23:40:11,USDe,COMPRA,0.9997,camelot
2026-01-04 23:40:11,MIM,COMPRA,0.9999,uniswap
2026-01-04 23:51:13,USDT,COMPRA,0.9996,uniswap
2026-01-04 23:51:13,USDe,COMPRA,0.9997,camelot
2026-01-04 23:51:13,MIM,COMPRA,0.9999,uniswap
2026-01-05 01:28:45,USDT,COMPRA,0.9996,uniswap
2026-01-05 01:28:45,USDe,COMPRA,0.9998,camelot
2026-01-05 01:28:45,MIM,COMPRA,0.9999,uniswap
2026-01-05 03:30:59,USDT,COMPRA,0.9996,uniswap
2026-01-05 03:30:59,USDe,COMPRA,0.9998,camelot
2026-01-05 03:30:59,MIM,COMPRA,0.9999,uniswap
2026-01-05 04:44:54,USDT,COMPRA,0.9996,uniswap
2026-01-05 04:44:54,USDe,COMPRA,0.9997,camelot
2026-01-05 04:44:54,MIM,COMPRA,0.9999,uniswap
2026-01-05 05:24:38,USDT,COMPRA,0.9996,uniswap
2026-01-05 05:24:38,USDe,COMPRA,0.9998,camelot
2026-01-05 05:24:38,MIM,COMPRA,0.9999,uniswap
2026-01-05 05:55:45,USDT,COMPRA,0.9996,uniswap
2026-01-05 05:55:45,USDe,COMPRA,0.9997,camelot
2026-01-05 05:55:45,MIM,COMPRA,0.9999,uniswap
2026-01-05 06:36:02,USDT,COMPRA,0.9996,uniswap
2026-01-05 06:36:02,USDe,COMPRA,0.9998,camelot
2026-01-05 06:36:02,MIM,COMPRA,0.9999,uniswap
2026-01-05 07:05:59,USDT,COMPRA,0.9996,uniswap
2026-01-05 07:05:59,USDe,COMPRA,0.9998,camelot
2026-01-05 07:05:59,MIM,COMPRA,0.9999,uniswap
2026-01-05 07:43:01,USDT,COMPRA,0.9996,uniswap
2026-01-05 07:43:01,USDe,COMPRA,0.9997,camelot
2026-01-05 07:43:01,MIM,COMPRA,0.9999,uniswap
2026-01-05 07:56:34,USDT,COMPRA,0.9996,uniswap
2026-01-05 07:56:34,USDe,COMPRA,0.9997,camelot
2026-01-05 07:56:34,MIM,COMPRA,0.9999,uniswap
2026-01-05 08:33:43,USDT,COMPRA,0.9996,uniswap
2026-01-05 08:33:43,USDe,COMPRA,0.9998,camelot
2026-01-05 08:33:43,MIM,COMPRA,0.9999,uniswap
2026-01-05 09:02:00,USDT,COMPRA,0.9996,uniswap
2026-01-05 09:02:00,USDe,COMPRA,0.9998,camelot
2026-01-05 09:02:00,MIM,COMPRA,0.9999,uniswap
2026-01-05 09:47:00,USDT,COMPRA,0.9996,uniswap
2026-01-05 09:47:00,USDe,COMPRA,0.9996,camelot
2026-01-05 09:47:00,MIM,COMPRA,0.9999,uniswap
2026-01-05 10:21:27,USDT,COMPRA,0.9996,uniswap
2026-01-05 10:21:27,USDe,COMPRA,0.9995,camelot
2026-01-05 10:21:27,MIM,COMPRA,0.9999,uniswap
2026-01-05 10:50:07,USDT,COMPRA,0.9996,uniswap
2026-01-05 10:50:07,USDe,COMPRA,0.9996,camelot
2026-01-05 10:50:07,MIM,COMPRA,0.9999,uniswap
2026-01-05 11:16:52,USDT,COMPRA,0.9996,uniswap
2026-01-05 11:16:52,USDe,COMPRA,0.9997,camelot
2026-01-05 11:16:52,MIM,COMPRA,0.9999,uniswap
2026-01-05 11:40:57,USDT,COMPRA,0.9995,uniswap
2026-01-05 11:40:57,USDe,COMPRA,0.9997,camelot
2026-01-05 11:40:57,MIM,COMPRA,0.9999,uniswap
2026-01-05 11:51:36,USDT,COMPRA,0.9995,uniswap
2026-01-05 11:51:36,USDe,COMPRA,0.9997,camelot
2026-01-05 11:51:36,MIM,COMPRA,0.9999,uniswap
2026-01-05 12:39:10,USDT,COMPRA,0.9996,uniswap
2026-01-05 12:39:10,USDe,COMPRA,0.9997,camelot
2026-01-05 12:39:10,MIM,COMPRA,0.9999,uniswap
2026-01-05 13:29:07,USDT,COMPRA,0.9996,uniswap
2026-01-05 13:29:07,USDe,COMPRA,0.9996,camelot
2026-01-05 13:29:07,MIM,COMPRA,0.9999,uniswap
2026-01-05 13:57:39,USDT,COMPRA,0.9996,uniswap
2026-01-05 13:57:39,USDe,COMPRA,0.9997,camelot
2026-01-05 13:57:39,MIM,COMPRA,0.9999,uniswap
2026-01-05 14:27:19,USDT,COMPRA,0.9996,uniswap
2026-01-05 14:27:19,USDe,COMPRA,0.9997,camelot
2026-01-05 14:27:19,MIM,COMPRA,0.9999,uniswap
2026-01-05 14:51:42,USDT,COMPRA,0.9996,uniswap
2026-01-05 14:51:42,USDe,COMPRA,0.9997,camelot
2026-01-05 14:51:42,MIM,COMPRA,0.9999,uniswap
2026-01-05 15:20:33,USDT,COMPRA,0.9996,uniswap
2026-01-05 15:20:33,USDe,COMPRA,0.9998,camelot
2026-01-05 15:20:33,MIM,COMPRA,0.9999,uniswap
2026-01-05 15:46:17,USDT,COMPRA,0.9996,uniswap
2026-01-05 15:46:17,USDe,COMPRA,0.9997,camelot
2026-01-05 15:46:17,MIM,COMPRA,0.9999,uniswap
2026-01-05 16:23:52,USDT,COMPRA,0.9997,uniswap
2026-01-05 16:23:52,USDe,COMPRA,0.9996,camelot
2026-01-05 16:23:52,MIM,COMPRA,0.9999,uniswap
2026-01-05 16:51:27,USDT,COMPRA,0.9997,uniswap
2026-01-05 16:51:27,USDe,COMPRA,0.9996,camelot
2026-01-05 16:51:27,MIM,COMPRA,0.9999,uniswap
2026-01-05 17:19:48,USDT,COMPRA,0.9997,uniswap
2026-01-05 17:19:48,USDe,COMPRA,0.9997,camelot
2026-01-05 17:19:48,MIM,COMPRA,0.9999,uniswap
2026-01-05 17:45:38,USDT,COMPRA,0.9997,uniswap
2026-01-05 17:45:38,USDe,COMPRA,0.9996,camelot
2026-01-05 17:45:38,MIM,COMPRA,0.9999,uniswap
2026-01-05 18:27:37,USDT,COMPRA,0.9997,uniswap
2026-01-05 18:27:37,USDe,COMPRA,0.9998,camelot
2026-01-05 18:27:37,MIM,COMPRA,0.9999,pancakeswap
2026-01-05 18:56:17,USDT,COMPRA,0.9997,uniswap
2026-01-05 18:56:17,USDe,COMPRA,0.9997,camelot
2026-01-05 18:56:17,MIM,COMPRA,0.9995,pancakeswap
2026-01-05 19:20:03,USDT,COMPRA,0.9998,uniswap
2026-01-05 19:20:03,USDe,COMPRA,0.9997,camelot
2026-01-05 19:20:03,MIM,COMPRA,0.9994,pancakeswap
2026-01-05 19:40:12,USDT,COMPRA,0.9998,uniswap
2026-01-05 19:40:12,USDe,COMPRA,0.9996,camelot
2026-01-05 19:40:12,MIM,COMPRA,1.00009,pancakeswap
2026-01-05 19:50:21,USDT,COMPRA,0.9998,uniswap
2026-01-05 19:50:21,USDe,COMPRA,0.9996,camelot
2026-01-05 19:50:21,MIM,COMPRA,1.00062,pancakeswap
2026-01-05 20:21:25,USDT,COMPRA,0.9998,uniswap
2026-01-05 20:21:25,USDe,COMPRA,0.9997,camelot
2026-01-05 20:21:25,MIM,COMPRA,1.0004,uniswap
2026-01-05 20:45:49,USDT,COMPRA,0.9998,uniswap
2026-01-05 20:45:49,USDe,COMPRA,0.9997,camelot
2026-01-05 20:45:49,MIM,COMPRA,1.0004,uniswap
2026-01-05 21:17:31,USDT,COMPRA,0.9998,uniswap
2026-01-05 21:17:31,USDe,COMPRA,0.9997,camelot
2026-01-05 21:17:31,MIM,COMPRA,1.0004,uniswap
2026-01-05 21:42:04,USDT,COMPRA,0.9998,uniswap
2026-01-05 21:42:04,USDe,COMPRA,0.9997,camelot
2026-01-05 21:42:04,MIM,COMPRA,1.0004,uniswap
2026-01-05 21:52:28,USDT,COMPRA,0.9998,uniswap
2026-01-05 21:52:28,USDe,COMPRA,0.9997,camelot
2026-01-05 21:52:28,MIM,COMPRA,1.0004,uniswap
2026-01-05 22:18:02,USDT,COMPRA,0.9999,uniswap
2026-01-05 22:18:02,USDe,COMPRA,0.9997,camelot
2026-01-05 22:18:02,MIM,COMPRA,1.0004,uniswap
2026-01-05 22:45:11,USDT,COMPRA,0.9999,uniswap
2026-01-05 22:45:11,USDe,COMPRA,0.9997,camelot
2026-01-05 22:45:11,MIM,COMPRA,1.0004,uniswap
2026-01-05 22:56:05,USDT,COMPRA,0.9999,uniswap
2026-01-05 22:56:05,USDe,COMPRA,0.9997,camelot
2026-01-05 22:56:05,MIM,COMPRA,1.0004,uniswap
2026-01-05 23:19:05,USDT,COMPRA,0.9999,uniswap
2026-01-05 23:19:05,USDe,COMPRA,0.9997,camelot
2026-01-05 23:19:05,MIM,COMPRA,1.0004,uniswap
2026-01-05 23:40:50,USDT,COMPRA,0.9999,uniswap
2026-01-05 23:40:50,USDe,COMPRA,0.9997,camelot
2026-01-05 23:40:50,MIM,COMPRA,1.0004,uniswap
2026-01-05 23:49:51,USDT,COMPRA,0.9999,uniswap
2026-01-05 23:49:51,USDe,COMPRA,0.9997,camelot
2026-01-05 23:49:51,MIM,COMPRA,1.0004,uniswap
2026-01-06 01:22:19,USDT,COMPRA,0.9999,uniswap
2026-01-06 01:22:19,USDe,COMPRA,0.9997,camelot
2026-01-06 01:22:19,MIM,COMPRA,1.0004,uniswap
2026-01-06 03:13:28,USDT,COMPRA,0.9999,uniswap
2026-01-06 03:13:28,USDe,COMPRA,0.9997,camelot
2026-01-06 03:13:28,MIM,COMPRA,1.0004,uniswap
2026-01-06 04:10:22,USDT,COMPRA,0.9999,uniswap
2026-01-06 04:10:22,USDe,COMPRA,0.9997,camelot
2026-01-06 04:10:22,MIM,COMPRA,1.0004,uniswap
2026-01-06 04:51:36,USDT,COMPRA,1.0000053,uniswap
2026-01-06 04:51:36,USDe,COMPRA,0.9997,camelot
2026-01-06 04:51:36,MIM,COMPRA,1.0004,uniswap
2026-01-06 05:22:03,USDT,COMPRA,0.9999,uniswap
2026-01-06 05:22:03,USDe,COMPRA,0.9997,camelot
2026-01-06 05:22:03,MIM,COMPRA,1.0004,uniswap
2026-01-06 05:47:42,USDT,COMPRA,0.9999,uniswap
2026-01-06 05:47:42,USDe,COMPRA,0.9997,camelot
2026-01-06 05:47:42,MIM,COMPRA,1.0004,uniswap
2026-01-06 06:29:27,USDT,COMPRA,0.9999,uniswap
2026-01-06 06:29:27,USDe,COMPRA,0.9997,camelot
2026-01-06 06:29:27,MIM,COMPRA,1.0004,uniswap
2026-01-06 07:00:04,USDT,COMPRA,0.9999,uniswap
2026-01-06 07:00:04,USDe,COMPRA,0.9999,camelot
2026-01-06 07:00:04,MIM,COMPRA,1.0004,uniswap
2026-01-06 07:34:04,USDT,COMPRA,0.9999,uniswap
2026-01-06 07:34:04,USDe,COMPRA,0.9999,camelot
2026-01-06 07:34:04,MIM,COMPRA,1.0004,uniswap
2026-01-06 07:52:53,USDT,COMPRA,0.9999,uniswap
2026-01-06 07:52:53,USDe,COMPRA,0.9999,camelot
2026-01-06 07:52:53,MIM,COMPRA,1.0004,uniswap
2026-01-06 08:26:03,USDT,COMPRA,0.9999,uniswap
2026-01-06 08:26:03,USDe,COMPRA,0.9999,camelot
2026-01-06 08:26:03,MIM,COMPRA,1.0004,uniswap
2026-01-06 08:53:59,USDT,COMPRA,0.9999,uniswap
2026-01-06 08:53:59,USDe,COMPRA,0.9999,camelot
2026-01-06 08:53:59,MIM,COMPRA,1.0004,uniswap
2026-01-06 09:23:25,USDT,COMPRA,0.9999,uniswap
2026-01-06 09:23:25,USDe,COMPRA,0.9999,camelot
2026-01-06 09:23:25,MIM,COMPRA,1.0004,uniswap
2026-01-06 09:47:47,USDT,COMPRA,0.9999,uniswap
2026-01-06 09:47:47,USDe,COMPRA,0.9998,camelot
2026-01-06 09:47:47,MIM,COMPRA,1.0004,uniswap
2026-01-06 10:20:01,USDT,COMPRA,0.9999,uniswap
2026-01-06 10:20:01,USDe,COMPRA,0.9999,camelot
2026-01-06 10:20:01,MIM,COMPRA,1.0004,uniswap
2026-01-06 10:49:00,USDT,COMPRA,0.9999,uniswap
2026-01-06 10:49:00,USDe,COMPRA,0.9999,camelot
2026-01-06 10:49:00,MIM,COMPRA,1.0004,uniswap
2026-01-06 11:16:23,USDT,COMPRA,0.9999,uniswap
2026-01-06 11:16:23,USDe,COMPRA,0.9997,camelot
2026-01-06 11:16:23,MIM,COMPRA,1.0004,uniswap
2026-01-06 11:39:28,USDT,COMPRA,0.9998,uniswap
2026-01-06 11:39:28,USDe,COMPRA,0.9998,camelot
2026-01-06 11:39:28,MIM,COMPRA,1.0004,uniswap
2026-01-06 11:50:24,USDT,COMPRA,0.9998,uniswap
2026-01-06 11:50:24,USDe,COMPRA,0.9998,camelot
2026-01-06 11:50:24,MIM,COMPRA,1.0004,uniswap
2026-01-06 12:37:32,USDT,COMPRA,0.9998,uniswap
2026-01-06 12:37:32,USDe,COMPRA,0.9998,camelot
2026-01-06 12:37:32,MIM,COMPRA,1.0004,uniswap
2026-01-06 13:25:17,USDT,COMPRA,0.9998,uniswap
2026-01-06 13:25:17,USDe,COMPRA,0.9999,camelot
2026-01-06 13:25:17,MIM,COMPRA,1.0004,uniswap
2026-01-06 13:54:13,USDT,COMPRA,0.9998,uniswap
2026-01-06 13:54:13,USDe,COMPRA,0.9999,camelot
2026-01-06 13:54:13,MIM,COMPRA,1.0004,uniswap
2026-01-06 14:19:16,USDT,COMPRA,0.9999,uniswap
2026-01-06 14:19:16,USDe,COMPRA,1.00013,camelot
2026-01-06 14:19:16,MIM,COMPRA,1.0004,uniswap
2026-01-06 14:48:12,USDT,COMPRA,0.9999,uniswap
2026-01-06 14:48:12,USDe,COMPRA,0.9999,camelot
2026-01-06 14:48:12,MIM,COMPRA,1.0004,uniswap
2026-01-06 15:19:38,USDT,COMPRA,0.9999,uniswap
2026-01-06 15:19:38,USDe,COMPRA,1.00024,camelot
2026-01-06 15:19:38,MIM,COMPRA,1.0004,uniswap
2026-01-06 15:45:14,USDT,COMPRA,0.9999,uniswap
2026-01-06 15:45:14,USDe,COMPRA,1.00014,camelot
2026-01-06 15:45:14,MIM,COMPRA,1.0004,uniswap
2026-01-06 15:57:58,USDT,COMPRA,0.9999,uniswap
2026-01-06 15:57:58,USDe,COMPRA,1.00021,camelot
2026-01-06 15:57:58,MIM,COMPRA,1.0004,uniswap
2026-01-06 16:34:18,USDT,COMPRA,0.9999,uniswap
2026-01-06 16:34:18,USDe,COMPRA,1.0002,camelot
2026-01-06 16:34:18,MIM,COMPRA,1.0004,uniswap
2026-01-06 17:00:41,USDT,COMPRA,0.9999,uniswap
2026-01-06 17:00:41,USDe,COMPRA,0.9999,camelot
2026-01-06 17:00:41,MIM,COMPRA,1.0004,uniswap
2026-01-06 17:37:47,USDT,COMPRA,0.9999,uniswap
2026-01-06 17:37:47,USDe,COMPRA,1.00015,camelot
2026-01-06 17:37:47,MIM,COMPRA,1.0004,uniswap
2026-01-06 17:54:31,USDT,COMPRA,0.9999,uniswap
2026-01-06 17:54:31,USDe,COMPRA,1.00059,camelot
2026-01-06 17:54:31,MIM,COMPRA,1.0004,uniswap
2026-01-06 18:26:39,USDT,COMPRA,0.9999,uniswap
2026-01-06 18:26:39,USDe,COMPRA,0.9999,camelot
2026-01-06 18:26:39,MIM,COMPRA,1.0004,uniswap
2026-01-06 18:53:22,USDT,COMPRA,0.9998,uniswap
2026-01-06 18:53:22,USDe,COMPRA,1.00018,camelot
2026-01-06 18:53:22,MIM,COMPRA,1.0004,uniswap
2026-01-06 19:14:14,USDT,COMPRA,0.9998,uniswap
2026-01-06 19:14:14,USDe,COMPRA,0.9996,camelot
2026-01-06 19:14:14,MIM,COMPRA,1.0004,uniswap
2026-01-06 19:30:43,USDT,COMPRA,0.9998,uniswap
2026-01-06 19:30:43,USDe,COMPRA,0.9997,camelot
2026-01-06 19:30:43,MIM,COMPRA,1.0004,uniswap
2026-01-06 19:51:07,USDT,COMPRA,0.9998,uniswap
2026-01-06 19:51:07,USDe,COMPRA,0.9997,camelot
2026-01-06 19:51:07,MIM,COMPRA,1.0004,uniswap
2026-01-06 20:20:15,USDT,COMPRA,0.9997,uniswap
2026-01-06 20:20:15,USDe,COMPRA,0.9998,camelot
2026-01-06 20:20:15,MIM,COMPRA,1.0004,uniswap
2026-01-06 20:44:38,USDT,COMPRA,0.9996,uniswap
2026-01-06 20:44:38,USDe,COMPRA,0.9999,camelot
2026-01-06 20:44:38,MIM,COMPRA,1.0004,uniswap
2026-01-06 20:54:37,USDT,COMPRA,0.9997,uniswap
2026-01-06 20:54:37,USDe,COMPRA,1.000011,camelot
2026-01-06 20:54:37,MIM,COMPRA,1.0004,uniswap
2026-01-06 21:17:52,USDT,COMPRA,0.9996,uniswap
2026-01-06 21:17:52,USDe,COMPRA,1.000042,camelot
2026-01-06 21:17:52,MIM,COMPRA,1.0004,uniswap
2026-01-06 21:41:47,USDT,COMPRA,0.9995,uniswap
2026-01-06 21:41:47,USDe,COMPRA,1.00031,camelot
2026-01-06 21:41:47,MIM,COMPRA,0.9997,uniswap
2026-01-06 21:52:37,USDT,COMPRA,0.9995,uniswap
2026-01-06 21:52:37,USDe,COMPRA,1.00027,camelot
2026-01-06 21:52:37,MIM,COMPRA,0.9997,uniswap
2026-01-06 22:18:19,USDT,COMPRA,0.9996,uniswap
2026-01-06 22:18:19,USDe,COMPRA,1.00018,camelot
2026-01-06 22:18:19,MIM,COMPRA,0.9997,uniswap
2026-01-06 22:45:26,USDT,COMPRA,0.9996,uniswap
2026-01-06 22:45:26,USDe,COMPRA,1.0002,camelot
2026-01-06 22:45:26,MIM,COMPRA,0.9997,uniswap
2026-01-06 23:17:39,USDT,COMPRA,0.9996,uniswap
2026-01-06 23:17:39,USDe,COMPRA,1.00027,camelot
2026-01-06 23:17:39,MIM,COMPRA,0.9997,uniswap
2026-01-06 23:40:21,USDT,COMPRA,0.9996,uniswap
2026-01-06 23:40:21,USDe,COMPRA,1.00023,camelot
2026-01-06 23:40:21,MIM,COMPRA,0.9997,uniswap
2026-01-06 23:49:26,USDT,COMPRA,0.9996,uniswap
2026-01-06 23:49:26,USDe,COMPRA,1.00023,camelot
2026-01-06 23:49:26,MIM,COMPRA,0.9997,uniswap
2026-01-07 01:22:42,USDT,COMPRA,0.9996,uniswap
2026-01-07 01:22:42,USDe,COMPRA,1.00019,camelot
2026-01-07 01:22:42,MIM,COMPRA,0.9997,uniswap
2026-01-07 03:13:36,USDT,COMPRA,0.9996,uniswap
2026-01-07 03:13:36,USDe,COMPRA,1.00014,camelot
2026-01-07 03:13:36,MIM,COMPRA,0.9997,uniswap
2026-01-07 04:11:02,USDT,COMPRA,0.9996,uniswap
2026-01-07 04:11:02,USDe,COMPRA,1.0002,camelot
2026-01-07 04:11:02,MIM,COMPRA,0.9997,uniswap
2026-01-07 04:53:17,USDT,COMPRA,0.9996,uniswap
2026-01-07 04:53:17,USDe,COMPRA,1.000088,camelot
2026-01-07 04:53:17,MIM,COMPRA,0.9997,uniswap
2026-01-07 05:22:54,USDT,COMPRA,0.9996,uniswap
2026-01-07 05:22:54,USDe,COMPRA,1.000088,camelot
2026-01-07 05:22:54,MIM,COMPRA,0.9997,uniswap
2026-01-07 05:48:01,USDT,COMPRA,0.9996,uniswap
2026-01-07 05:48:01,USDe,COMPRA,1.000088,camelot
2026-01-07 05:48:01,MIM,COMPRA,0.9997,uniswap
2026-01-07 06:28:57,USDT,COMPRA,0.9996,uniswap
2026-01-07 06:28:57,USDe,COMPRA,1.000068,camelot
2026-01-07 06:28:57,MIM,COMPRA,0.9997,uniswap
2026-01-07 06:58:37,USDT,COMPRA,0.9996,uniswap
2026-01-07 06:58:37,USDe,COMPRA,1.000039,camelot
2026-01-07 06:58:37,MIM,COMPRA,0.9997,uniswap
2026-01-07 07:30:13,USDT,COMPRA,0.9996,uniswap
2026-01-07 07:30:13,USDe,COMPRA,1.000048,camelot
2026-01-07 07:30:13,MIM,COMPRA,0.9997,uniswap
2026-01-07 07:47:49,USDT,COMPRA,0.9996,uniswap
2026-01-07 07:47:49,USDe,COMPRA,1.000048,camelot
2026-01-07 07:47:49,MIM,COMPRA,0.9999,uniswap
2026-01-07 08:25:54,USDT,COMPRA,0.9995,uniswap
2026-01-07 08:25:54,USDe,COMPRA,1.00015,camelot
2026-01-07 08:25:54,MIM,COMPRA,0.9999,uniswap
2026-01-07 08:54:27,USDT,COMPRA,0.9995,uniswap
2026-01-07 08:54:27,USDe,COMPRA,1.00015,camelot
2026-01-07 08:54:27,MIM,COMPRA,0.9999,uniswap
2026-01-07 09:25:32,USDT,COMPRA,0.9994,uniswap
2026-01-07 09:25:32,USDe,COMPRA,1.000072,camelot
2026-01-07 09:25:32,MIM,COMPRA,0.9999,uniswap
2026-01-07 09:49:33,USDT,COMPRA,0.9994,uniswap
2026-01-07 09:49:33,USDe,COMPRA,1.000012,camelot
2026-01-07 09:49:33,MIM,COMPRA,0.9999,uniswap
2026-01-07 10:20:54,USDT,COMPRA,0.9994,uniswap
2026-01-07 10:20:54,USDe,COMPRA,0.9999,camelot
2026-01-07 10:20:54,MIM,COMPRA,0.9999,uniswap
2026-01-07 10:48:54,USDT,COMPRA,0.9994,uniswap
2026-01-07 10:48:54,USDe,COMPRA,0.9999,camelot
2026-01-07 10:48:54,MIM,COMPRA,0.9999,uniswap
2026-01-07 11:17:27,USDT,COMPRA,0.9994,uniswap
2026-01-07 11:17:27,USDe,COMPRA,1.000053,camelot
2026-01-07 11:17:27,MIM,COMPRA,0.9999,uniswap
2026-01-07 11:40:29,USDT,COMPRA,0.9994,uniswap
2026-01-07 11:40:29,USDe,COMPRA,1.00012,camelot
2026-01-07 11:40:29,MIM,COMPRA,0.9999,uniswap
2026-01-07 11:51:28,USDT,COMPRA,0.9994,uniswap
2026-01-07 11:51:28,USDe,COMPRA,1.000036,camelot
2026-01-07 11:51:28,MIM,COMPRA,0.9999,uniswap
2026-01-07 12:38:40,USDT,COMPRA,0.9994,uniswap
2026-01-07 12:38:40,USDe,COMPRA,1.00042,camelot
2026-01-07 12:38:40,MIM,COMPRA,0.9999,uniswap
2026-01-07 13:27:13,USDT,COMPRA,0.9994,uniswap
2026-01-07 13:27:13,USDe,COMPRA,1.00041,camelot
2026-01-07 13:27:13,MIM,COMPRA,0.9999,uniswap
2026-01-07 13:56:30,USDT,COMPRA,0.9994,uniswap
2026-01-07 13:56:30,USDe,COMPRA,1.00041,camelot
2026-01-07 13:56:30,MIM,COMPRA,0.9999,uniswap
2026-01-07 14:23:19,USDT,COMPRA,0.9994,uniswap
2026-01-07 14:23:19,USDe,COMPRA,1.00027,camelot
2026-01-07 14:23:19,MIM,COMPRA,0.9999,uniswap
2026-01-07 14:49:30,USDT,COMPRA,0.9994,uniswap
2026-01-07 14:49:30,USDe,COMPRA,1.00011,camelot
2026-01-07 14:49:30,MIM,COMPRA,0.9999,uniswap
2026-01-07 15:21:10,USDT,COMPRA,0.9995,uniswap
2026-01-07 15:21:10,USDe,COMPRA,1.00032,camelot
2026-01-07 15:21:10,MIM,COMPRA,0.9999,uniswap
2026-01-07 15:48:22,USDT,COMPRA,0.9995,uniswap
2026-01-07 15:48:22,USDe,COMPRA,1.0001,camelot
2026-01-07 15:48:22,MIM,COMPRA,0.9999,uniswap
2026-01-07 16:25:52,USDT,COMPRA,0.9994,uniswap
2026-01-07 16:25:52,USDe,COMPRA,1.00032,camelot
2026-01-07 16:25:52,MIM,COMPRA,0.9999,uniswap
2026-01-07 16:55:51,USDT,COMPRA,0.9994,uniswap
2026-01-07 16:55:51,USDe,COMPRA,1.00029,camelot
2026-01-07 16:55:51,MIM,COMPRA,0.9999,uniswap
2026-01-07 17:24:41,USDT,COMPRA,0.9994,uniswap
2026-01-07 17:24:41,USDe,COMPRA,1.00027,camelot
2026-01-07 17:24:41,MIM,COMPRA,0.9999,uniswap
2026-01-07 17:49:31,USDT,COMPRA,0.9994,uniswap
2026-01-07 17:49:31,USDe,COMPRA,1.00027,camelot
2026-01-07 17:49:31,MIM,COMPRA,0.9999,uniswap
2026-01-07 18:27:49,USDT,COMPRA,0.9994,uniswap
2026-01-07 18:27:49,USDe,COMPRA,1.00018,camelot
2026-01-07 18:27:49,MIM,COMPRA,0.9999,uniswap
2026-01-07 18:56:44,USDT,COMPRA,0.9994,uniswap
2026-01-07 18:56:44,USDe,COMPRA,1.00024,camelot
2026-01-07 18:56:44,MIM,COMPRA,0.9999,uniswap
2026-01-07 19:20:28,USDT,COMPRA,0.9992,uniswap
2026-01-07 19:20:28,USDe,COMPRA,1.00026,camelot
2026-01-07 19:20:28,MIM,COMPRA,0.9999,uniswap
2026-01-07 19:40:14,USDT,COMPRA,0.9992,uniswap
2026-01-07 19:40:14,USDe,COMPRA,1.00038,camelot
2026-01-07 19:40:14,MIM,COMPRA,0.9999,uniswap
2026-01-07 19:50:57,USDT,COMPRA,0.9992,uniswap
2026-01-07 19:50:57,USDe,COMPRA,1.00038,camelot
2026-01-07 19:50:57,MIM,COMPRA,0.9999,uniswap
2026-01-07 20:21:12,USDT,COMPRA,0.9992,uniswap
2026-01-07 20:21:12,USDe,COMPRA,1.00032,camelot
2026-01-07 20:21:12,MIM,COMPRA,0.9999,uniswap
2026-01-07 20:46:42,USDT,COMPRA,0.9992,uniswap
2026-01-07 20:46:42,USDe,COMPRA,1.00022,camelot
2026-01-07 20:46:42,MIM,COMPRA,0.9999,uniswap
2026-01-07 21:16:48,USDT,COMPRA,0.9992,uniswap
2026-01-07 21:16:48,USDe,COMPRA,1.00022,camelot
2026-01-07 21:16:48,MIM,COMPRA,1.000025,uniswap
2026-01-07 21:41:13,USDT,COMPRA,0.9992,uniswap
2026-01-07 21:41:13,USDe,COMPRA,1.00014,camelot
2026-01-07 21:41:13,MIM,COMPRA,1.0004,uniswap
2026-01-07 21:52:20,USDT,COMPRA,0.9992,uniswap
2026-01-07 21:52:20,USDe,COMPRA,1.00014,camelot
2026-01-07 21:52:20,MIM,COMPRA,1.0004,uniswap
2026-01-07 22:17:52,USDT,COMPRA,0.9992,uniswap
2026-01-07 22:17:52,USDe,COMPRA,1.00037,camelot
2026-01-07 22:17:52,MIM,COMPRA,1.0004,uniswap
2026-01-07 22:44:38,USDT,COMPRA,0.9992,uniswap
2026-01-07 22:44:38,USDe,COMPRA,1.0004,camelot
2026-01-07 22:44:38,MIM,COMPRA,1.0004,uniswap
2026-01-07 22:56:01,USDT,COMPRA,0.9992,uniswap
2026-01-07 22:56:01,USDe,COMPRA,1.0004,camelot
2026-01-07 22:56:01,MIM,COMPRA,1.0004,uniswap
2026-01-07 23:19:39,USDT,COMPRA,0.9992,uniswap
2026-01-07 23:19:39,USDe,COMPRA,1.00086,camelot
2026-01-07 23:19:39,MIM,COMPRA,1.0004,uniswap
2026-01-07 23:40:24,USDT,COMPRA,0.9992,uniswap
2026-01-07 23:40:24,USDe,COMPRA,1.00059,camelot
2026-01-07 23:40:24,MIM,COMPRA,1.0004,uniswap
2026-01-07 23:51:01,USDT,COMPRA,0.9992,uniswap
2026-01-07 23:51:01,USDe,COMPRA,1.00057,camelot
2026-01-07 23:51:01,MIM,COMPRA,1.0004,uniswap
2026-01-08 01:23:09,USDT,COMPRA,0.9992,uniswap
2026-01-08 01:23:09,USDe,COMPRA,1.00056,camelot
2026-01-08 01:23:09,MIM,COMPRA,1.0004,uniswap
2026-01-08 03:13:45,USDT,COMPRA,0.9992,uniswap
2026-01-08 03:13:45,USDe,COMPRA,1.00047,camelot
2026-01-08 03:13:45,MIM,COMPRA,1.0004,uniswap
2026-01-08 04:10:09,USDT,COMPRA,0.9992,uniswap
2026-01-08 04:10:09,USDe,COMPRA,1.0005,camelot
2026-01-08 04:10:09,MIM,COMPRA,1.0004,uniswap
2026-01-08 04:51:15,USDT,COMPRA,0.9992,uniswap
2026-01-08 04:51:15,USDe,COMPRA,1.0005,camelot
2026-01-08 04:51:15,MIM,COMPRA,1.0004,uniswap
2026-01-08 05:22:05,USDT,COMPRA,0.9991,uniswap
2026-01-08 05:22:05,USDe,COMPRA,1.00057,camelot
2026-01-08 05:22:05,MIM,COMPRA,1.0004,uniswap
2026-01-08 05:47:50,USDT,COMPRA,0.9991,uniswap
2026-01-08 05:47:50,USDe,COMPRA,1.00063,camelot
2026-01-08 05:47:50,MIM,COMPRA,1.0004,uniswap
2026-01-08 06:29:40,USDT,COMPRA,0.9991,uniswap
2026-01-08 06:29:40,USDe,COMPRA,1.00057,camelot
2026-01-08 06:29:40,MIM,COMPRA,1.0004,uniswap
2026-01-08 06:59:04,USDT,COMPRA,0.9991,uniswap
2026-01-08 06:59:04,USDe,COMPRA,1.00057,camelot
2026-01-08 06:59:04,MIM,COMPRA,1.0004,uniswap
2026-01-08 07:30:58,USDT,COMPRA,0.9991,uniswap
2026-01-08 07:30:58,USDe,COMPRA,1.00055,camelot
2026-01-08 07:30:58,MIM,COMPRA,1.0004,uniswap
2026-01-08 07:51:57,USDT,COMPRA,0.999,uniswap
2026-01-08 07:51:57,USDe,COMPRA,1.00055,camelot
2026-01-08 07:51:57,MIM,COMPRA,1.0004,uniswap
2026-01-08 08:25:58,USDT,COMPRA,0.999,uniswap
2026-01-08 08:25:58,USDe,COMPRA,1.00062,camelot
2026-01-08 08:25:58,MIM,COMPRA,1.0004,uniswap
2026-01-08 08:54:13,USDT,COMPRA,0.9989,uniswap
2026-01-08 08:54:13,USDe,COMPRA,1.00065,camelot
2026-01-08 08:54:13,MIM,COMPRA,1.0004,uniswap
2026-01-08 09:25:27,USDT,COMPRA,0.999,uniswap
2026-01-08 09:25:27,USDe,COMPRA,1.00048,camelot
2026-01-08 09:25:27,MIM,COMPRA,1.0004,uniswap
2026-01-08 09:49:54,USDT,COMPRA,0.999,uniswap
2026-01-08 09:49:54,USDe,COMPRA,1.00047,camelot
2026-01-08 09:49:54,MIM,COMPRA,1.0004,uniswap
2026-01-08 10:20:57,USDT,COMPRA,0.9991,uniswap
2026-01-08 10:20:57,USDe,COMPRA,1.00044,camelot
2026-01-08 10:20:57,MIM,COMPRA,1.0004,uniswap
2026-01-08 10:49:30,USDT,COMPRA,0.9991,uniswap
2026-01-08 10:49:30,USDe,COMPRA,1.00047,camelot
2026-01-08 10:49:30,MIM,COMPRA,1.0004,uniswap
2026-01-08 11:17:54,USDT,COMPRA,0.9991,uniswap
2026-01-08 11:17:54,USDe,COMPRA,1.0004,camelot
2026-01-08 11:17:54,MIM,COMPRA,1.0004,uniswap
2026-01-08 11:41:22,USDT,COMPRA,0.9991,uniswap
2026-01-08 11:41:22,USDe,COMPRA,1.0004,camelot
2026-01-08 11:41:22,MIM,COMPRA,1.0004,uniswap
2026-01-08 11:52:45,USDT,COMPRA,0.999,uniswap
2026-01-08 11:52:45,USDe,COMPRA,1.0004,camelot
2026-01-08 11:52:45,MIM,COMPRA,1.0004,uniswap
2026-01-08 12:38:38,USDT,COMPRA,0.999,uniswap
2026-01-08 12:38:38,USDe,COMPRA,1.00048,camelot
2026-01-08 12:38:38,MIM,COMPRA,1.0004,uniswap
2026-01-08 13:28:04,USDT,COMPRA,0.999,uniswap
2026-01-08 13:28:04,USDe,COMPRA,1.00048,camelot
2026-01-08 13:28:04,MIM,COMPRA,1.0004,uniswap
2026-01-08 13:57:44,USDT,COMPRA,0.999,uniswap
2026-01-08 13:57:44,USDe,COMPRA,1.00054,camelot
2026-01-08 13:57:44,MIM,COMPRA,1.0004,uniswap
2026-01-08 14:28:17,USDT,COMPRA,0.999,uniswap
2026-01-08 14:28:17,USDe,COMPRA,1.00049,camelot
2026-01-08 14:28:17,MIM,COMPRA,1.0004,uniswap
2026-01-08 14:53:35,USDT,COMPRA,0.999,uniswap
2026-01-08 14:53:35,USDe,COMPRA,1.00026,camelot
2026-01-08 14:53:35,MIM,COMPRA,1.0004,uniswap
2026-01-08 15:22:06,USDT,COMPRA,0.999,uniswap
2026-01-08 15:22:06,USDe,COMPRA,1.00046,camelot
2026-01-08 15:22:06,MIM,COMPRA,1.0004,uniswap
2026-01-08 15:49:07,USDT,COMPRA,0.999,uniswap
2026-01-08 15:49:07,USDe,COMPRA,1.00038,camelot
2026-01-08 15:49:07,MIM,COMPRA,1.0004,uniswap
2026-01-08 16:25:06,USDT,COMPRA,0.9991,uniswap
2026-01-08 16:25:06,USDe,COMPRA,1.0004,camelot
2026-01-08 16:25:06,MIM,COMPRA,1.0004,uniswap
2026-01-08 16:55:56,USDT,COMPRA,0.9991,uniswap
2026-01-08 16:55:56,USDe,COMPRA,1.00039,camelot
2026-01-08 16:55:56,MIM,COMPRA,1.0004,uniswap
2026-01-08 17:25:41,USDT,COMPRA,0.9991,uniswap
2026-01-08 17:25:41,USDe,COMPRA,1.00048,camelot
2026-01-08 17:25:41,MIM,COMPRA,1.0004,uniswap
2026-01-08 17:50:51,USDT,COMPRA,0.9991,uniswap
2026-01-08 17:50:51,USDe,COMPRA,1.00047,camelot
2026-01-08 17:50:51,MIM,COMPRA,1.0004,uniswap
2026-01-08 18:23:40,USDT,COMPRA,0.9992,uniswap
2026-01-08 18:23:40,USDe,COMPRA,1.00046,camelot
2026-01-08 18:23:40,MIM,COMPRA,1.0004,uniswap
2026-01-08 18:52:56,USDT,COMPRA,0.9992,uniswap
2026-01-08 18:52:56,USDe,COMPRA,1.00044,camelot
2026-01-08 18:52:56,MIM,COMPRA,1.0004,uniswap
2026-01-08 19:17:04,USDT,COMPRA,0.9993,uniswap
2026-01-08 19:17:04,USDe,COMPRA,1.00046,camelot
2026-01-08 19:17:04,MIM,COMPRA,1.0004,uniswap
2026-01-08 19:39:26,USDT,COMPRA,0.9993,uniswap
2026-01-08 19:39:26,USDe,COMPRA,1.00044,camelot
2026-01-08 19:39:26,MIM,COMPRA,1.0004,uniswap
2026-01-08 19:50:22,USDT,COMPRA,0.9993,uniswap
2026-01-08 19:50:22,USDe,COMPRA,1.00044,camelot
2026-01-08 19:50:22,MIM,COMPRA,1.0004,uniswap
2026-01-08 20:21:12,USDT,COMPRA,0.9993,uniswap
2026-01-08 20:21:12,USDe,COMPRA,1.00046,camelot
2026-01-08 20:21:12,MIM,COMPRA,1.0004,uniswap
2026-01-08 20:45:16,USDT,COMPRA,0.9993,uniswap
2026-01-08 20:45:16,USDe,COMPRA,1.00053,camelot
2026-01-08 20:45:16,MIM,COMPRA,1.0004,uniswap
2026-01-08 20:57:42,USDT,COMPRA,0.9993,uniswap
2026-01-08 20:57:42,USDe,COMPRA,1.00062,camelot
2026-01-08 20:57:42,MIM,COMPRA,1.0004,uniswap
2026-01-08 21:24:51,USDT,COMPRA,0.9993,uniswap
2026-01-08 21:24:51,USDe,COMPRA,1.00054,camelot
2026-01-08 21:24:51,MIM,COMPRA,1.0004,uniswap
2026-01-08 21:42:31,USDT,COMPRA,0.9993,uniswap
2026-01-08 21:42:31,USDe,COMPRA,1.00057,camelot
2026-01-08 21:42:31,MIM,COMPRA,1.0004,uniswap
2026-01-08 21:53:02,USDT,COMPRA,0.9993,uniswap
2026-01-08 21:53:02,USDe,COMPRA,1.00057,camelot
2026-01-08 21:53:02,MIM,COMPRA,1.0004,uniswap
2026-01-08 22:18:14,USDT,COMPRA,0.9993,uniswap
2026-01-08 22:18:14,USDe,COMPRA,1.00064,camelot
2026-01-08 22:18:14,MIM,COMPRA,1.0004,uniswap
2026-01-08 22:45:13,USDT,COMPRA,0.9993,uniswap
2026-01-08 22:45:13,USDe,COMPRA,1.00067,camelot
2026-01-08 22:45:13,MIM,COMPRA,1.0004,uniswap
2026-01-08 22:55:57,USDT,COMPRA,0.9993,uniswap
2026-01-08 22:55:57,USDe,COMPRA,1.00067,camelot
2026-01-08 22:55:57,MIM,COMPRA,1.0004,uniswap
2026-01-08 23:17:33,USDT,COMPRA,0.9993,uniswap
2026-01-08 23:17:33,USDe,COMPRA,1.00052,camelot
2026-01-08 23:17:33,MIM,COMPRA,1.0004,uniswap
2026-01-08 23:38:57,USDT,COMPRA,0.9993,uniswap
2026-01-08 23:38:57,USDe,COMPRA,1.00052,camelot
2026-01-08 23:38:57,MIM,COMPRA,1.0004,uniswap
2026-01-08 23:50:25,USDT,COMPRA,0.9993,uniswap
2026-01-08 23:50:25,USDe,COMPRA,1.00052,camelot
2026-01-08 23:50:25,MIM,COMPRA,1.0004,uniswap
2026-01-09 01:23:16,USDT,COMPRA,0.9993,uniswap
2026-01-09 01:23:16,USDe,COMPRA,1.0005,camelot
2026-01-09 01:23:16,MIM,COMPRA,1.0004,uniswap
2026-01-09 03:14:42,USDT,COMPRA,0.9993,uniswap
2026-01-09 03:14:42,USDe,COMPRA,1.00058,camelot
2026-01-09 03:14:42,MIM,COMPRA,1.0004,uniswap
2026-01-09 04:10:40,USDT,COMPRA,0.999,uniswap
2026-01-09 04:10:40,USDe,COMPRA,1.00071,camelot
2026-01-09 04:10:40,MIM,COMPRA,1.0004,uniswap
2026-01-09 04:52:34,USDT,COMPRA,0.9991,uniswap
2026-01-09 04:52:34,USDe,COMPRA,1.00071,camelot
2026-01-09 04:52:34,MIM,COMPRA,1.0004,uniswap
2026-01-09 05:22:31,USDT,COMPRA,0.9991,uniswap
2026-01-09 05:22:31,USDe,COMPRA,1.00067,camelot
2026-01-09 05:22:31,MIM,COMPRA,1.0004,uniswap
2026-01-09 05:48:20,USDT,COMPRA,0.9991,uniswap
2026-01-09 05:48:20,USDe,COMPRA,1.00058,camelot
2026-01-09 05:48:20,MIM,COMPRA,1.0004,uniswap
2026-01-09 06:29:00,USDT,COMPRA,0.9991,uniswap
2026-01-09 06:29:00,USDe,COMPRA,1.00058,camelot
2026-01-09 06:29:00,MIM,COMPRA,1.0004,uniswap
2026-01-09 06:58:52,USDT,COMPRA,0.9991,uniswap
2026-01-09 06:58:52,USDe,COMPRA,1.0006,camelot
2026-01-09 06:58:52,MIM,COMPRA,1.0004,uniswap
2026-01-09 07:31:09,USDT,COMPRA,0.9991,uniswap
2026-01-09 07:31:09,USDe,COMPRA,1.0006,camelot
2026-01-09 07:31:09,MIM,COMPRA,1.0004,uniswap
2026-01-09 07:52:37,USDT,COMPRA,0.9991,uniswap
2026-01-09 07:52:37,USDe,COMPRA,1.0006,camelot
2026-01-09 07:52:37,MIM,COMPRA,1.0004,uniswap
2026-01-09 08:25:42,USDT,COMPRA,0.9991,uniswap
2026-01-09 08:25:42,USDe,COMPRA,1.00055,camelot
2026-01-09 08:25:42,MIM,COMPRA,1.0004,uniswap
2026-01-09 08:53:50,USDT,COMPRA,0.9992,uniswap
2026-01-09 08:53:50,USDe,COMPRA,1.00046,camelot
2026-01-09 08:53:50,MIM,COMPRA,1.0004,uniswap
2026-01-09 09:24:50,USDT,COMPRA,0.9991,uniswap
2026-01-09 09:24:50,USDe,COMPRA,1.00056,camelot
2026-01-09 09:24:50,MIM,COMPRA,1.0004,uniswap
2026-01-09 09:50:07,USDT,COMPRA,0.9991,uniswap
2026-01-09 09:50:07,USDe,COMPRA,1.00051,camelot
2026-01-09 09:50:07,MIM,COMPRA,1.0004,uniswap
2026-01-09 10:19:43,USDT,COMPRA,0.9991,uniswap
2026-01-09 10:19:43,USDe,COMPRA,1.00055,camelot
2026-01-09 10:19:43,MIM,COMPRA,1.0004,uniswap
2026-01-09 10:48:16,USDT,COMPRA,0.999,uniswap
2026-01-09 10:48:16,USDe,COMPRA,1.00057,camelot
2026-01-09 10:48:16,MIM,COMPRA,1.0004,uniswap
2026-01-09 11:16:50,USDT,COMPRA,0.9991,uniswap
2026-01-09 11:16:50,USDe,COMPRA,1.0005,camelot
2026-01-09 11:16:50,MIM,COMPRA,1.0004,uniswap
2026-01-09 11:40:00,USDT,COMPRA,0.9991,uniswap
2026-01-09 11:40:00,USDe,COMPRA,1.00036,camelot
2026-01-09 11:40:00,MIM,COMPRA,1.0004,uniswap
2026-01-09 11:50:54,USDT,COMPRA,0.9991,uniswap
2026-01-09 11:50:54,USDe,COMPRA,1.00046,camelot
2026-01-09 11:50:54,MIM,COMPRA,1.0004,uniswap
2026-01-09 12:37:58,USDT,COMPRA,0.9991,uniswap
2026-01-09 12:37:58,USDe,COMPRA,1.00063,camelot
2026-01-09 12:37:58,MIM,COMPRA,1.0004,uniswap
2026-01-09 13:26:16,USDT,COMPRA,0.9991,uniswap
2026-01-09 13:26:16,USDe,COMPRA,1.00052,camelot
2026-01-09 13:26:16,MIM,COMPRA,1.0004,uniswap
2026-01-09 13:54:45,USDT,COMPRA,0.9992,uniswap
2026-01-09 13:54:45,USDe,COMPRA,1.00053,camelot
2026-01-09 13:54:45,MIM,COMPRA,1.0004,uniswap
2026-01-09 14:20:48,USDT,COMPRA,0.9992,uniswap
2026-01-09 14:20:48,USDe,COMPRA,1.00046,camelot
2026-01-09 14:20:48,MIM,COMPRA,1.0004,uniswap
2026-01-09 14:48:29,USDT,COMPRA,0.9992,uniswap
2026-01-09 14:48:29,USDe,COMPRA,1.00044,camelot
2026-01-09 14:48:29,MIM,COMPRA,1.0004,uniswap
2026-01-09 15:19:59,USDT,COMPRA,0.9992,uniswap
2026-01-09 15:19:59,USDe,COMPRA,1.00052,camelot
2026-01-09 15:19:59,MIM,COMPRA,1.0004,uniswap
2026-01-09 15:45:48,USDT,COMPRA,0.9991,uniswap
2026-01-09 15:45:48,USDe,COMPRA,1.00068,camelot
2026-01-09 15:45:48,MIM,COMPRA,1.0004,uniswap
2026-01-09 16:22:45,USDT,COMPRA,0.9992,uniswap
2026-01-09 16:22:45,USDe,COMPRA,1.00068,camelot
2026-01-09 16:22:45,MIM,COMPRA,1.0004,uniswap
2026-01-09 16:53:09,USDT,COMPRA,0.9992,uniswap
2026-01-09 16:53:09,USDe,COMPRA,1.00072,camelot
2026-01-09 16:53:09,MIM,COMPRA,1.0004,uniswap
2026-01-09 17:20:28,USDT,COMPRA,0.9992,uniswap
2026-01-09 17:20:28,USDe,COMPRA,1.00062,camelot
2026-01-09 17:20:28,MIM,COMPRA,1.0004,uniswap
2026-01-09 17:46:01,USDT,COMPRA,0.9992,uniswap
2026-01-09 17:46:01,USDe,COMPRA,1.00061,camelot
2026-01-09 17:46:01,MIM,COMPRA,1.0004,uniswap
2026-01-09 18:27:26,USDT,COMPRA,0.9992,uniswap
2026-01-09 18:27:26,USDe,COMPRA,1.00055,camelot
2026-01-09 18:27:26,MIM,COMPRA,1.0004,uniswap
2026-01-09 18:55:38,USDT,COMPRA,0.9992,uniswap
2026-01-09 18:55:38,USDe,COMPRA,1.00059,camelot
2026-01-09 18:55:38,MIM,COMPRA,1.0004,uniswap
2026-01-09 19:18:11,USDT,COMPRA,0.9992,uniswap
2026-01-09 19:18:11,USDe,COMPRA,1.00049,camelot
2026-01-09 19:18:11,MIM,COMPRA,1.0004,uniswap
2026-01-09 19:39:36,USDT,COMPRA,0.9992,uniswap
2026-01-09 19:39:36,USDe,COMPRA,1.00048,camelot
2026-01-09 19:39:36,MIM,COMPRA,1.0004,uniswap
2026-01-09 19:49:46,USDT,COMPRA,0.9992,uniswap
2026-01-09 19:49:46,USDe,COMPRA,1.00051,camelot
2026-01-09 19:49:46,MIM,COMPRA,1.0004,uniswap
2026-01-09 20:20:50,USDT,COMPRA,0.9992,uniswap
2026-01-09 20:20:50,USDe,COMPRA,1.00053,camelot
2026-01-09 20:20:50,MIM,COMPRA,1.0004,uniswap
2026-01-09 20:44:53,USDT,COMPRA,0.9992,uniswap
2026-01-09 20:44:53,USDe,COMPRA,1.00054,camelot
2026-01-09 20:44:53,MIM,COMPRA,1.0004,uniswap
2026-01-09 20:56:46,USDT,COMPRA,0.9992,uniswap
2026-01-09 20:56:46,USDe,COMPRA,1.00057,camelot
2026-01-09 20:56:46,MIM,COMPRA,1.0004,uniswap
2026-01-09 21:21:31,USDT,COMPRA,0.9992,uniswap
2026-01-09 21:21:31,USDe,COMPRA,1.00061,camelot
2026-01-09 21:21:31,MIM,COMPRA,1.0004,uniswap
2026-01-09 21:40:52,USDT,COMPRA,0.9992,uniswap
2026-01-09 21:40:52,USDe,COMPRA,1.00066,camelot
2026-01-09 21:40:52,MIM,COMPRA,1.0004,uniswap
2026-01-09 21:51:09,USDT,COMPRA,0.9991,uniswap
2026-01-09 21:51:09,USDe,COMPRA,1.00066,camelot
2026-01-09 21:51:09,MIM,COMPRA,1.0004,uniswap
2026-01-09 22:17:55,USDT,COMPRA,0.9991,uniswap
2026-01-09 22:17:55,USDe,COMPRA,1.00052,camelot
2026-01-09 22:17:55,MIM,COMPRA,1.0004,uniswap
2026-01-09 22:44:13,USDT,COMPRA,0.9991,uniswap
2026-01-09 22:44:13,USDe,COMPRA,1.00052,camelot
2026-01-09 22:44:13,MIM,COMPRA,1.0004,uniswap
2026-01-09 22:54:36,USDT,COMPRA,0.9991,uniswap
2026-01-09 22:54:36,USDe,COMPRA,1.00052,camelot
2026-01-09 22:54:36,MIM,COMPRA,1.0004,uniswap
2026-01-09 23:17:30,USDT,COMPRA,0.9991,uniswap
2026-01-09 23:17:30,USDe,COMPRA,1.00072,camelot
2026-01-09 23:17:30,MIM,COMPRA,1.0004,uniswap
2026-01-09 23:40:39,USDT,COMPRA,0.9991,uniswap
2026-01-09 23:40:39,USDe,COMPRA,1.00049,camelot
2026-01-09 23:40:39,MIM,COMPRA,1.0004,uniswap
2026-01-09 23:51:21,USDT,COMPRA,0.999,uniswap
2026-01-09 23:51:21,USDe,COMPRA,1.00049,camelot
2026-01-09 23:51:21,MIM,COMPRA,1.0004,uniswap
2026-01-10 01:20:28,USDT,COMPRA,0.999,uniswap
2026-01-10 01:20:28,USDe,COMPRA,1.00027,camelot
2026-01-10 01:20:28,MIM,COMPRA,1.0004,uniswap
2026-01-10 03:07:51,USDT,COMPRA,0.999,uniswap
2026-01-10 03:07:51,USDe,COMPRA,0.9999,camelot
2026-01-10 03:07:51,MIM,COMPRA,1.0004,uniswap
2026-01-10 04:03:21,USDT,COMPRA,0.999,uniswap
2026-01-10 04:03:21,USDe,COMPRA,1.00029,camelot
2026-01-10 04:03:21,MIM,COMPRA,1.0004,uniswap
2026-01-10 04:47:10,USDT,COMPRA,0.9991,uniswap
2026-01-10 04:47:10,USDe,COMPRA,1.00029,camelot
2026-01-10 04:47:10,MIM,COMPRA,1.0004,uniswap
2026-01-10 05:18:41,USDT,COMPRA,0.9991,uniswap
2026-01-10 05:18:41,USDe,COMPRA,1.00038,camelot
2026-01-10 05:18:41,MIM,COMPRA,1.0004,uniswap
2026-01-10 05:43:59,USDT,COMPRA,0.9991,uniswap
2026-01-10 05:43:59,USDe,COMPRA,1.00038,camelot
2026-01-10 05:43:59,MIM,COMPRA,1.0004,uniswap
2026-01-10 05:53:34,USDT,COMPRA,0.9991,uniswap
2026-01-10 05:53:34,USDe,COMPRA,1.00038,camelot
2026-01-10 05:53:34,MIM,COMPRA,1.0004,uniswap
2026-01-10 06:25:59,USDT,COMPRA,0.9991,uniswap
2026-01-10 06:25:59,USDe,COMPRA,1.00045,camelot
2026-01-10 06:25:59,MIM,COMPRA,1.0004,uniswap
2026-01-10 06:52:14,USDT,COMPRA,0.9991,uniswap
2026-01-10 06:52:14,USDe,COMPRA,1.00037,camelot
2026-01-10 06:52:14,MIM,COMPRA,1.0004,uniswap
2026-01-10 07:16:44,USDT,COMPRA,0.9991,uniswap
2026-01-10 07:16:44,USDe,COMPRA,1.00041,camelot
2026-01-10 07:16:44,MIM,COMPRA,1.0004,uniswap
2026-01-10 07:38:26,USDT,COMPRA,0.9991,uniswap
2026-01-10 07:38:26,USDe,COMPRA,1.00051,camelot
2026-01-10 07:38:26,MIM,COMPRA,1.0004,uniswap
2026-01-10 07:49:37,USDT,COMPRA,0.999,uniswap
2026-01-10 07:49:37,USDe,COMPRA,1.00051,camelot
2026-01-10 07:49:37,MIM,COMPRA,1.0004,uniswap
2026-01-10 08:22:06,USDT,COMPRA,0.999,uniswap
2026-01-10 08:22:06,USDe,COMPRA,1.00054,camelot
2026-01-10 08:22:06,MIM,COMPRA,1.0004,uniswap
2026-01-10 08:48:06,USDT,COMPRA,0.9991,uniswap
2026-01-10 08:48:06,USDe,COMPRA,1.00054,camelot
2026-01-10 08:48:06,MIM,COMPRA,1.0004,uniswap
2026-01-10 09:17:17,USDT,COMPRA,0.999,uniswap
2026-01-10 09:17:17,USDe,COMPRA,1.00046,camelot
2026-01-10 09:17:17,MIM,COMPRA,1.0004,uniswap
2026-01-10 09:40:23,USDT,COMPRA,0.9989,uniswap
2026-01-10 09:40:23,USDe,COMPRA,1.00057,camelot
2026-01-10 09:40:23,MIM,COMPRA,1.0004,uniswap
2026-01-10 09:50:19,USDT,COMPRA,0.9991,uniswap
2026-01-10 09:50:19,USDe,COMPRA,1.00062,camelot
2026-01-10 09:50:19,MIM,COMPRA,1.0004,uniswap
2026-01-10 10:17:36,USDT,COMPRA,0.999,uniswap
2026-01-10 10:17:36,USDe,COMPRA,1.00063,camelot
2026-01-10 10:17:36,MIM,COMPRA,1.0004,uniswap
2026-01-10 10:43:09,USDT,COMPRA,0.999,uniswap
2026-01-10 10:43:09,USDe,COMPRA,1.00054,camelot
2026-01-10 10:43:09,MIM,COMPRA,1.0004,uniswap
2026-01-10 10:53:23,USDT,COMPRA,0.9989,uniswap
2026-01-10 10:53:23,USDe,COMPRA,1.00054,camelot
2026-01-10 10:53:23,MIM,COMPRA,1.0004,uniswap
2026-01-10 11:14:29,USDT,COMPRA,0.9989,uniswap
2026-01-10 11:14:29,USDe,COMPRA,1.00065,camelot
2026-01-10 11:14:29,MIM,COMPRA,1.0004,uniswap
2026-01-10 11:30:10,USDT,COMPRA,0.9989,uniswap
2026-01-10 11:30:10,USDe,COMPRA,1.00065,camelot
2026-01-10 11:30:10,MIM,COMPRA,1.0004,uniswap
2026-01-10 11:42:15,USDT,COMPRA,0.999,uniswap
2026-01-10 11:42:15,USDe,COMPRA,1.00065,camelot
2026-01-10 11:42:15,MIM,COMPRA,1.0004,uniswap
2026-01-10 11:51:34,USDT,COMPRA,0.999,uniswap
2026-01-10 11:51:34,USDe,COMPRA,1.00059,camelot
2026-01-10 11:51:34,MIM,COMPRA,1.0004,uniswap
2026-01-10 12:33:41,USDT,COMPRA,0.999,uniswap
2026-01-10 12:33:41,USDe,COMPRA,1.00074,camelot
2026-01-10 12:33:41,MIM,COMPRA,1.0004,uniswap
2026-01-10 13:18:10,USDT,COMPRA,0.999,uniswap
2026-01-10 13:18:10,USDe,COMPRA,1.00054,camelot
2026-01-10 13:18:10,MIM,COMPRA,1.0004,uniswap
2026-01-10 13:45:16,USDT,COMPRA,0.999,uniswap
2026-01-10 13:45:16,USDe,COMPRA,1.00053,camelot
2026-01-10 13:45:16,MIM,COMPRA,1.0004,uniswap
2026-01-10 13:54:41,USDT,COMPRA,0.999,uniswap
2026-01-10 13:54:41,USDe,COMPRA,1.00066,camelot
2026-01-10 13:54:41,MIM,COMPRA,1.0004,uniswap
2026-01-10 14:16:19,USDT,COMPRA,0.999,uniswap
2026-01-10 14:16:19,USDe,COMPRA,1.00068,camelot
2026-01-10 14:16:19,MIM,COMPRA,1.0004,uniswap
2026-01-10 14:41:37,USDT,COMPRA,0.999,uniswap
2026-01-10 14:41:37,USDe,COMPRA,1.00065,camelot
2026-01-10 14:41:37,MIM,COMPRA,1.0004,uniswap
2026-01-10 14:52:02,USDT,COMPRA,0.999,uniswap
2026-01-10 14:52:02,USDe,COMPRA,1.00065,camelot
2026-01-10 14:52:02,MIM,COMPRA,1.0004,uniswap
2026-01-10 15:16:19,USDT,COMPRA,0.999,uniswap
2026-01-10 15:16:19,USDe,COMPRA,1.00069,camelot
2026-01-10 15:16:19,MIM,COMPRA,1.0004,uniswap
2026-01-10 15:40:03,USDT,COMPRA,0.999,uniswap
2026-01-10 15:40:03,USDe,COMPRA,1.00075,camelot
2026-01-10 15:40:03,MIM,COMPRA,1.0004,uniswap
2026-01-10 15:50:04,USDT,COMPRA,0.999,uniswap
2026-01-10 15:50:04,USDe,COMPRA,1.00073,camelot
2026-01-10 15:50:04,MIM,COMPRA,1.0004,uniswap
2026-01-10 16:20:00,USDT,COMPRA,0.999,uniswap
2026-01-10 16:20:00,USDe,COMPRA,1.00064,camelot
2026-01-10 16:20:00,MIM,COMPRA,1.0004,uniswap
2026-01-10 16:46:50,USDT,COMPRA,0.999,uniswap
2026-01-10 16:46:50,USDe,COMPRA,1.00064,camelot
2026-01-10 16:46:50,MIM,COMPRA,1.00008,uniswap
2026-01-10 17:14:42,USDT,COMPRA,0.9989,uniswap
2026-01-10 17:14:42,USDe,COMPRA,1.00057,camelot
2026-01-10 17:14:42,MIM,COMPRA,1.00008,uniswap
2026-01-10 17:33:19,USDT,COMPRA,0.999,uniswap
2026-01-10 17:33:19,USDe,COMPRA,1.00057,camelot
2026-01-10 17:33:19,MIM,COMPRA,1.00008,uniswap
2026-01-10 17:49:39,USDT,COMPRA,0.9988,uniswap
2026-01-10 17:49:39,USDe,COMPRA,1.00064,camelot
2026-01-10 17:49:39,MIM,COMPRA,1.00008,uniswap
2026-01-10 18:24:10,USDT,COMPRA,0.9989,uniswap
2026-01-10 18:24:10,USDe,COMPRA,1.00067,camelot
2026-01-10 18:24:10,MIM,COMPRA,1.00008,uniswap
2026-01-10 18:50:13,USDT,COMPRA,0.9989,uniswap
2026-01-10 18:50:13,USDe,COMPRA,1.00068,camelot
2026-01-10 18:50:13,MIM,COMPRA,1.00008,uniswap
2026-01-10 19:13:08,USDT,COMPRA,0.999,uniswap
2026-01-10 19:13:08,USDe,COMPRA,1.00069,camelot
2026-01-10 19:13:08,MIM,COMPRA,1.00008,uniswap
2026-01-10 19:27:50,USDT,COMPRA,0.999,uniswap
2026-01-10 19:27:50,USDe,COMPRA,1.00068,camelot
2026-01-10 19:27:50,MIM,COMPRA,1.00008,uniswap
2026-01-10 19:39:21,USDT,COMPRA,0.999,uniswap
2026-01-10 19:39:21,USDe,COMPRA,1.00068,camelot
2026-01-10 19:39:21,MIM,COMPRA,1.00008,uniswap
2026-01-10 19:49:48,USDT,COMPRA,0.999,uniswap
2026-01-10 19:49:48,USDe,COMPRA,1.00068,camelot
2026-01-10 19:49:48,MIM,COMPRA,1.00008,uniswap
2026-01-10 20:18:44,USDT,COMPRA,0.999,uniswap
2026-01-10 20:18:44,USDe,COMPRA,1.00071,camelot
2026-01-10 20:18:44,MIM,COMPRA,1.00008,uniswap
2026-01-10 20:42:20,USDT,COMPRA,0.999,uniswap
2026-01-10 20:42:20,USDe,COMPRA,1.00074,camelot
2026-01-10 20:42:20,MIM,COMPRA,1.00008,uniswap
2026-01-10 20:53:04,USDT,COMPRA,0.999,uniswap
2026-01-10 20:53:04,USDe,COMPRA,1.00074,camelot
2026-01-10 20:53:04,MIM,COMPRA,1.00008,uniswap
2026-01-10 21:15:15,USDT,COMPRA,0.999,uniswap
2026-01-10 21:15:15,USDe,COMPRA,1.00074,camelot
2026-01-10 21:15:15,MIM,COMPRA,1.00008,uniswap
2026-01-10 21:32:24,USDT,COMPRA,0.999,uniswap
2026-01-10 21:32:24,USDe,COMPRA,1.00077,camelot
2026-01-10 21:32:24,MIM,COMPRA,1.00008,uniswap
2026-01-10 21:49:41,USDT,COMPRA,0.999,uniswap
2026-01-10 21:49:41,USDe,COMPRA,1.00077,camelot
2026-01-10 21:49:41,MIM,COMPRA,1.00008,uniswap
2026-01-10 22:16:40,USDT,COMPRA,0.999,uniswap
2026-01-10 22:16:40,USDe,COMPRA,1.0012,camelot
2026-01-10 22:16:40,MIM,COMPRA,1.00008,uniswap
2026-01-10 22:42:34,USDT,COMPRA,0.999,uniswap
2026-01-10 22:42:34,USDe,COMPRA,1.0009,camelot
2026-01-10 22:42:34,MIM,COMPRA,1.00008,uniswap
2026-01-10 22:53:03,USDT,COMPRA,0.999,uniswap
2026-01-10 22:53:03,USDe,COMPRA,1.0009,camelot
2026-01-10 22:53:03,MIM,COMPRA,1.00008,uniswap
2026-01-10 23:16:23,USDT,COMPRA,0.999,uniswap
2026-01-10 23:16:23,USDe,COMPRA,1.00085,camelot
2026-01-10 23:16:23,MIM,COMPRA,1.00008,uniswap
2026-01-10 23:39:22,USDT,COMPRA,0.999,uniswap
2026-01-10 23:39:22,USDe,COMPRA,1.00079,camelot
2026-01-10 23:39:22,MIM,COMPRA,1.00008,uniswap
2026-01-10 23:50:25,USDT,COMPRA,0.999,uniswap
2026-01-10 23:50:25,USDe,COMPRA,1.00079,camelot
2026-01-10 23:50:25,MIM,COMPRA,1.00008,uniswap
2026-01-11 01:39:24,USDT,COMPRA,0.999,uniswap
2026-01-11 01:39:24,USDe,COMPRA,1.00074,camelot
2026-01-11 01:39:24,MIM,COMPRA,1.00008,uniswap
2026-01-11 03:29:07,USDT,COMPRA,0.999,uniswap
2026-01-11 03:29:07,USDe,COMPRA,1.00068,camelot
2026-01-11 03:29:07,MIM,COMPRA,1.0004,uniswap
2026-01-11 04:34:09,USDT,COMPRA,0.999,uniswap
2026-01-11 04:34:09,USDe,COMPRA,1.0006,camelot
2026-01-11 04:34:09,MIM,COMPRA,1.0004,uniswap
2026-01-11 05:04:52,USDT,COMPRA,0.999,uniswap
2026-01-11 05:04:52,USDe,COMPRA,1.00046,camelot
2026-01-11 05:04:52,MIM,COMPRA,1.0004,uniswap
2026-01-11 05:41:01,USDT,COMPRA,0.999,uniswap
2026-01-11 05:41:01,USDe,COMPRA,1.00046,camelot
2026-01-11 05:41:01,MIM,COMPRA,1.0004,uniswap
2026-01-11 05:55:02,USDT,COMPRA,0.9991,uniswap
2026-01-11 05:55:02,USDe,COMPRA,1.00053,camelot
2026-01-11 05:55:02,MIM,COMPRA,1.0004,uniswap
2026-01-11 06:26:46,USDT,COMPRA,0.9991,uniswap
2026-01-11 06:26:46,USDe,COMPRA,1.00047,camelot
2026-01-11 06:26:46,MIM,COMPRA,1.0004,uniswap
2026-01-11 06:54:21,USDT,COMPRA,0.9991,uniswap
2026-01-11 06:54:21,USDe,COMPRA,1.00047,camelot
2026-01-11 06:54:21,MIM,COMPRA,1.0004,uniswap
2026-01-11 07:18:18,USDT,COMPRA,0.999,uniswap
2026-01-11 07:18:18,USDe,COMPRA,1.00057,camelot
2026-01-11 07:18:18,MIM,COMPRA,1.0004,uniswap
2026-01-11 07:40:29,USDT,COMPRA,0.999,uniswap
2026-01-11 07:40:29,USDe,COMPRA,1.00066,camelot
2026-01-11 07:40:29,MIM,COMPRA,1.0004,uniswap
2026-01-11 07:49:59,USDT,COMPRA,0.999,uniswap
2026-01-11 07:49:59,USDe,COMPRA,1.00063,camelot
2026-01-11 07:49:59,MIM,COMPRA,1.0004,uniswap
2026-01-11 08:22:16,USDT,COMPRA,0.9989,uniswap
2026-01-11 08:22:16,USDe,COMPRA,1.00066,camelot
2026-01-11 08:22:16,MIM,COMPRA,1.0004,uniswap
2026-01-11 08:47:51,USDT,COMPRA,0.9989,uniswap
2026-01-11 08:47:51,USDe,COMPRA,1.00066,camelot
2026-01-11 08:47:51,MIM,COMPRA,1.0004,uniswap
2026-01-11 09:17:48,USDT,COMPRA,0.9989,uniswap
2026-01-11 09:17:48,USDe,COMPRA,1.00066,camelot
2026-01-11 09:17:48,MIM,COMPRA,1.0004,uniswap
2026-01-11 09:41:18,USDT,COMPRA,0.9989,uniswap
2026-01-11 09:41:18,USDe,COMPRA,1.00063,camelot
2026-01-11 09:41:18,MIM,COMPRA,1.0004,uniswap
2026-01-11 09:51:14,USDT,COMPRA,0.9989,uniswap
2026-01-11 09:51:14,USDe,COMPRA,1.00073,camelot
2026-01-11 09:51:14,MIM,COMPRA,1.0004,uniswap
2026-01-11 10:17:52,USDT,COMPRA,0.9989,uniswap
2026-01-11 10:17:52,USDe,COMPRA,1.00061,camelot
2026-01-11 10:17:52,MIM,COMPRA,1.0004,uniswap
2026-01-11 10:44:19,USDT,COMPRA,0.9989,uniswap
2026-01-11 10:44:19,USDe,COMPRA,1.00061,camelot
2026-01-11 10:44:19,MIM,COMPRA,1.0004,uniswap
2026-01-11 10:54:47,USDT,COMPRA,0.9989,uniswap
2026-01-11 10:54:47,USDe,COMPRA,1.00061,camelot
2026-01-11 10:54:47,MIM,COMPRA,1.0004,uniswap
2026-01-11 11:14:43,USDT,COMPRA,0.9989,uniswap
2026-01-11 11:14:43,USDe,COMPRA,1.00061,camelot
2026-01-11 11:14:43,MIM,COMPRA,1.0004,uniswap
2026-01-11 11:30:23,USDT,COMPRA,0.9989,uniswap
2026-01-11 11:30:23,USDe,COMPRA,1.00061,camelot
2026-01-11 11:30:23,MIM,COMPRA,1.0004,uniswap
2026-01-11 11:49:15,USDT,COMPRA,0.9989,uniswap
2026-01-11 11:49:15,USDe,COMPRA,1.00061,camelot
2026-01-11 11:49:15,MIM,COMPRA,1.0004,uniswap
2026-01-11 12:34:30,USDT,COMPRA,0.9989,uniswap
2026-01-11 12:34:30,USDe,COMPRA,1.0006,camelot
2026-01-11 12:34:30,MIM,COMPRA,1.0004,uniswap
2026-01-11 13:18:52,USDT,COMPRA,0.999,uniswap
2026-01-11 13:18:52,USDe,COMPRA,1.00076,camelot
2026-01-11 13:18:52,MIM,COMPRA,1.0004,uniswap
2026-01-11 13:46:20,USDT,COMPRA,0.999,uniswap
2026-01-11 13:46:20,USDe,COMPRA,1.00075,camelot
2026-01-11 13:46:20,MIM,COMPRA,1.0004,uniswap
2026-01-11 14:16:06,USDT,COMPRA,0.999,uniswap
2026-01-11 14:16:06,USDe,COMPRA,1.00059,camelot
2026-01-11 14:16:06,MIM,COMPRA,1.0004,uniswap
2026-01-11 14:41:50,USDT,COMPRA,0.999,uniswap
2026-01-11 14:41:50,USDe,COMPRA,1.00038,camelot
2026-01-11 14:41:50,MIM,COMPRA,1.0004,uniswap
2026-01-11 14:52:03,USDT,COMPRA,0.999,uniswap
2026-01-11 14:52:03,USDe,COMPRA,1.00038,camelot
2026-01-11 14:52:03,MIM,COMPRA,1.0004,uniswap
2026-01-11 15:16:47,USDT,COMPRA,0.9989,uniswap
2026-01-11 15:16:47,USDe,COMPRA,1.00034,camelot
2026-01-11 15:16:47,MIM,COMPRA,1.0004,uniswap
2026-01-11 15:39:52,USDT,COMPRA,0.9989,uniswap
2026-01-11 15:39:52,USDe,COMPRA,1.00028,camelot
2026-01-11 15:39:52,MIM,COMPRA,1.0004,uniswap
2026-01-11 15:50:21,USDT,COMPRA,0.9989,uniswap
2026-01-11 15:50:21,USDe,COMPRA,1.00028,camelot
2026-01-11 15:50:21,MIM,COMPRA,1.0004,uniswap
2026-01-11 16:20:49,USDT,COMPRA,0.9987,uniswap
2026-01-11 16:20:49,USDe,COMPRA,1.00035,camelot
2026-01-11 16:20:49,MIM,COMPRA,1.0004,uniswap
2026-01-11 16:46:45,USDT,COMPRA,0.9987,uniswap
2026-01-11 16:46:45,USDe,COMPRA,1.00037,camelot
2026-01-11 16:46:45,MIM,COMPRA,1.0004,uniswap
2026-01-11 17:14:43,USDT,COMPRA,0.9989,uniswap
2026-01-11 17:14:43,USDe,COMPRA,1.00037,camelot
2026-01-11 17:14:43,MIM,COMPRA,1.0004,uniswap
2026-01-11 17:33:31,USDT,COMPRA,0.9987,uniswap
2026-01-11 17:33:31,USDe,COMPRA,1.00029,camelot
2026-01-11 17:33:31,MIM,COMPRA,1.0004,uniswap
2026-01-11 17:50:00,USDT,COMPRA,0.9988,uniswap
2026-01-11 17:50:00,USDe,COMPRA,1.00031,camelot
2026-01-11 17:50:00,MIM,COMPRA,1.0004,uniswap
2026-01-11 18:24:24,USDT,COMPRA,0.9987,uniswap
2026-01-11 18:24:24,USDe,COMPRA,1.00054,camelot
2026-01-11 18:24:24,MIM,COMPRA,1.0004,uniswap
2026-01-11 18:50:18,USDT,COMPRA,0.9987,uniswap
2026-01-11 18:50:18,USDe,COMPRA,1.00039,camelot
2026-01-11 18:50:18,MIM,COMPRA,1.0004,uniswap
2026-01-11 19:13:29,USDT,COMPRA,0.9989,uniswap
2026-01-11 19:13:29,USDe,COMPRA,1.00031,camelot
2026-01-11 19:13:29,MIM,COMPRA,1.0004,uniswap
2026-01-11 19:28:21,USDT,COMPRA,0.9989,uniswap
2026-01-11 19:28:21,USDe,COMPRA,1.00031,camelot
2026-01-11 19:28:21,MIM,COMPRA,1.0004,uniswap
2026-01-11 19:39:40,USDT,COMPRA,0.9989,uniswap
2026-01-11 19:39:40,USDe,COMPRA,1.00032,camelot
2026-01-11 19:39:40,MIM,COMPRA,1.0004,uniswap
2026-01-11 19:49:30,USDT,COMPRA,0.9989,uniswap
2026-01-11 19:49:30,USDe,COMPRA,1.00034,camelot
2026-01-11 19:49:30,MIM,COMPRA,1.0004,uniswap
2026-01-11 20:19:23,USDT,COMPRA,0.9987,uniswap
2026-01-11 20:19:23,USDe,COMPRA,1.00043,camelot
2026-01-11 20:19:23,MIM,COMPRA,1.0004,uniswap
2026-01-11 20:43:04,USDT,COMPRA,0.9987,uniswap
2026-01-11 20:43:04,USDe,COMPRA,1.00036,camelot
2026-01-11 20:43:04,MIM,COMPRA,1.0004,uniswap
2026-01-11 20:53:36,USDT,COMPRA,0.9987,uniswap
2026-01-11 20:53:36,USDe,COMPRA,1.00036,camelot
2026-01-11 20:53:36,MIM,COMPRA,1.0004,uniswap
2026-01-11 21:15:36,USDT,COMPRA,0.9987,uniswap
2026-01-11 21:15:36,USDe,COMPRA,1.00043,camelot
2026-01-11 21:15:36,MIM,COMPRA,1.0004,uniswap
2026-01-11 21:38:42,USDT,COMPRA,0.9988,uniswap
2026-01-11 21:38:42,USDe,COMPRA,1.00042,camelot
2026-01-11 21:38:42,MIM,COMPRA,1.0004,uniswap
2026-01-11 21:49:36,USDT,COMPRA,0.9988,uniswap
2026-01-11 21:49:36,USDe,COMPRA,1.00043,camelot
2026-01-11 21:49:36,MIM,COMPRA,1.0004,uniswap
2026-01-11 22:16:21,USDT,COMPRA,0.9988,uniswap
2026-01-11 22:16:21,USDe,COMPRA,1.00042,camelot
2026-01-11 22:16:21,MIM,COMPRA,1.0004,uniswap
2026-01-11 22:42:44,USDT,COMPRA,0.9988,uniswap
2026-01-11 22:42:44,USDe,COMPRA,1.00038,camelot
2026-01-11 22:42:44,MIM,COMPRA,1.0004,uniswap
2026-01-11 22:53:02,USDT,COMPRA,0.9988,uniswap
2026-01-11 22:53:02,USDe,COMPRA,1.00038,camelot
2026-01-11 22:53:02,MIM,COMPRA,1.0004,uniswap
2026-01-11 23:16:35,USDT,COMPRA,0.9988,uniswap
2026-01-11 23:16:35,USDe,COMPRA,1.0003,camelot
2026-01-11 23:16:35,MIM,COMPRA,1.0004,uniswap
2026-01-11 23:39:38,USDT,COMPRA,0.9987,uniswap
2026-01-11 23:39:38,USDe,COMPRA,1.00048,camelot
2026-01-11 23:39:38,MIM,COMPRA,1.0004,uniswap
2026-01-11 23:50:38,USDT,COMPRA,0.9987,uniswap
2026-01-11 23:50:38,USDe,COMPRA,1.00048,camelot
2026-01-11 23:50:38,MIM,COMPRA,1.0004,uniswap
2026-01-12 01:26:36,USDT,COMPRA,0.9988,uniswap
2026-01-12 01:26:36,USDe,COMPRA,1.00035,camelot
2026-01-12 01:26:36,MIM,COMPRA,1.0004,uniswap
2026-01-12 03:23:05,USDT,COMPRA,0.9988,uniswap
2026-01-12 03:23:05,USDe,COMPRA,1.00054,camelot
2026-01-12 03:23:05,MIM,COMPRA,1.0004,uniswap
2026-01-12 04:35:14,USDT,COMPRA,0.9988,uniswap
2026-01-12 04:35:14,USDe,COMPRA,1.00054,camelot
2026-01-12 04:35:14,MIM,COMPRA,1.0004,uniswap
2026-01-12 05:18:01,USDT,COMPRA,0.9988,uniswap
2026-01-12 05:18:01,USDe,COMPRA,1.0005,camelot
2026-01-12 05:18:01,MIM,COMPRA,1.0004,uniswap
2026-01-12 05:51:30,USDT,COMPRA,0.9988,uniswap
2026-01-12 05:51:30,USDe,COMPRA,1.00047,camelot
2026-01-12 05:51:30,MIM,COMPRA,1.0004,uniswap
2026-01-12 06:31:23,USDT,COMPRA,0.9988,uniswap
2026-01-12 06:31:23,USDe,COMPRA,1.00048,camelot
2026-01-12 06:31:23,MIM,COMPRA,1.0004,uniswap
2026-01-12 07:04:12,USDT,COMPRA,0.9989,uniswap
2026-01-12 07:04:12,USDe,COMPRA,1.00039,camelot
2026-01-12 07:04:12,MIM,COMPRA,1.0004,uniswap
2026-01-12 07:40:10,USDT,COMPRA,0.9989,uniswap
2026-01-12 07:40:10,USDe,COMPRA,1.00049,camelot
2026-01-12 07:40:10,MIM,COMPRA,1.0004,uniswap
2026-01-12 07:54:13,USDT,COMPRA,0.9989,uniswap
2026-01-12 07:54:13,USDe,COMPRA,1.00049,camelot
2026-01-12 07:54:13,MIM,COMPRA,1.0004,uniswap
2026-01-12 08:27:46,USDT,COMPRA,0.9989,uniswap
2026-01-12 08:27:46,USDe,COMPRA,1.00044,camelot
2026-01-12 08:27:46,MIM,COMPRA,1.0004,uniswap
2026-01-12 08:57:42,USDT,COMPRA,0.999,uniswap
2026-01-12 08:57:42,USDe,COMPRA,1.00025,camelot
2026-01-12 08:57:42,MIM,COMPRA,1.0004,uniswap
2026-01-12 09:35:48,USDT,COMPRA,0.9989,uniswap
2026-01-12 09:35:48,USDe,COMPRA,1.00036,camelot
2026-01-12 09:35:48,MIM,COMPRA,1.0004,uniswap
2026-01-12 09:58:46,USDT,COMPRA,0.9991,uniswap
2026-01-12 09:58:46,USDe,COMPRA,1.0006,camelot
2026-01-12 09:58:46,MIM,COMPRA,1.0004,uniswap
2026-01-12 10:32:00,USDT,COMPRA,0.999,uniswap
2026-01-12 10:32:00,USDe,COMPRA,1.00056,camelot
2026-01-12 10:32:00,MIM,COMPRA,1.0004,uniswap
2026-01-12 10:56:51,USDT,COMPRA,0.999,uniswap
2026-01-12 10:56:51,USDe,COMPRA,1.00067,camelot
2026-01-12 10:56:51,MIM,COMPRA,1.0004,uniswap
2026-01-12 11:21:11,USDT,COMPRA,0.999,uniswap
2026-01-12 11:21:11,USDe,COMPRA,1.00061,camelot
2026-01-12 11:21:11,MIM,COMPRA,1.0004,uniswap
2026-01-12 11:41:09,USDT,COMPRA,0.999,uniswap
2026-01-12 11:41:09,USDe,COMPRA,1.0006,camelot
2026-01-12 11:41:09,MIM,COMPRA,1.0004,uniswap
2026-01-12 11:52:18,USDT,COMPRA,0.999,uniswap
2026-01-12 11:52:18,USDe,COMPRA,1.0006,camelot
2026-01-12 11:52:18,MIM,COMPRA,1.0004,uniswap
2026-01-12 12:39:43,USDT,COMPRA,0.999,uniswap
2026-01-12 12:39:43,USDe,COMPRA,1.00079,camelot
2026-01-12 12:39:43,MIM,COMPRA,1.0004,uniswap
2026-01-12 13:30:05,USDT,COMPRA,0.999,uniswap
2026-01-12 13:30:05,USDe,COMPRA,1.00072,camelot
2026-01-12 13:30:05,MIM,COMPRA,1.0004,uniswap
2026-01-12 13:59:39,USDT,COMPRA,0.999,uniswap
2026-01-12 13:59:39,USDe,COMPRA,1.00074,camelot
2026-01-12 13:59:39,MIM,COMPRA,1.0004,uniswap
2026-01-12 14:34:22,USDT,COMPRA,0.999,uniswap
2026-01-12 14:34:22,USDe,COMPRA,1.00054,camelot
2026-01-12 14:34:22,MIM,COMPRA,1.0004,uniswap
2026-01-12 14:59:29,USDT,COMPRA,0.999,uniswap
2026-01-12 14:59:29,USDe,COMPRA,1.00052,camelot
2026-01-12 14:59:29,MIM,COMPRA,1.0004,uniswap
2026-01-12 15:34:14,USDT,COMPRA,0.999,uniswap
2026-01-12 15:34:14,USDe,COMPRA,1.00065,camelot
2026-01-12 15:34:14,MIM,COMPRA,1.0004,uniswap
2026-01-12 15:58:26,USDT,COMPRA,0.9993,uniswap
2026-01-12 15:58:26,USDe,COMPRA,1.00065,camelot
2026-01-12 15:58:26,MIM,COMPRA,1.0004,uniswap
2026-01-12 16:33:16,USDT,COMPRA,0.9992,uniswap
2026-01-12 16:33:16,USDe,COMPRA,1.00025,camelot
2026-01-12 16:33:16,MIM,COMPRA,1.0004,uniswap
2026-01-12 17:00:41,USDT,COMPRA,0.9993,uniswap
2026-01-12 17:00:41,USDe,COMPRA,1.00014,camelot
2026-01-12 17:00:41,MIM,COMPRA,1.0004,uniswap
2026-01-12 17:37:22,USDT,COMPRA,0.9994,uniswap
2026-01-12 17:37:22,USDe,COMPRA,1.0000045,camelot
2026-01-12 17:37:22,MIM,COMPRA,1.0004,uniswap
2026-01-12 17:51:45,USDT,COMPRA,0.9994,uniswap
2026-01-12 17:51:45,USDe,COMPRA,1.0000045,camelot
2026-01-12 17:51:45,MIM,COMPRA,1.0004,uniswap
2026-01-12 18:27:53,USDT,COMPRA,0.9994,uniswap
2026-01-12 18:27:53,USDe,COMPRA,1.00017,camelot
2026-01-12 18:27:53,MIM,COMPRA,1.0004,uniswap
2026-01-12 18:56:50,USDT,COMPRA,0.9994,uniswap
2026-01-12 18:56:50,USDe,COMPRA,1.00025,camelot
2026-01-12 18:56:50,MIM,COMPRA,1.0004,uniswap
2026-01-12 19:21:00,USDT,COMPRA,0.9994,uniswap
2026-01-12 19:21:00,USDe,COMPRA,1.00014,camelot
2026-01-12 19:21:00,MIM,COMPRA,1.0004,uniswap
2026-01-12 19:40:11,USDT,COMPRA,0.9994,uniswap
2026-01-12 19:40:11,USDe,COMPRA,1.00013,camelot
2026-01-12 19:40:11,MIM,COMPRA,1.0004,uniswap
2026-01-12 19:49:48,USDT,COMPRA,0.9994,uniswap
2026-01-12 19:49:48,USDe,COMPRA,1.00017,camelot
2026-01-12 19:49:48,MIM,COMPRA,1.0004,uniswap
2026-01-12 20:21:22,USDT,COMPRA,0.9994,uniswap
2026-01-12 20:21:22,USDe,COMPRA,1.00022,camelot
2026-01-12 20:21:22,MIM,COMPRA,1.0004,uniswap
2026-01-12 20:45:54,USDT,COMPRA,0.9994,uniswap
2026-01-12 20:45:54,USDe,COMPRA,1.0002,camelot
2026-01-12 20:45:54,MIM,COMPRA,1.0004,uniswap
2026-01-12 21:17:36,USDT,COMPRA,0.9994,uniswap
2026-01-12 21:17:36,USDe,COMPRA,1.00015,camelot
2026-01-12 21:17:36,MIM,COMPRA,1.0004,uniswap
2026-01-12 21:42:06,USDT,COMPRA,0.9992,uniswap
2026-01-12 21:42:06,USDe,COMPRA,1.00024,camelot
2026-01-12 21:42:06,MIM,COMPRA,1.0004,uniswap
2026-01-12 21:52:09,USDT,COMPRA,0.9992,uniswap
2026-01-12 21:52:09,USDe,COMPRA,1.00024,camelot
2026-01-12 21:52:09,MIM,COMPRA,1.0004,uniswap
2026-01-12 22:16:21,USDT,COMPRA,0.9992,uniswap
2026-01-12 22:16:21,USDe,COMPRA,1.00018,camelot
2026-01-12 22:16:21,MIM,COMPRA,1.0004,uniswap
2026-01-12 22:42:28,USDT,COMPRA,0.9992,uniswap
2026-01-12 22:42:28,USDe,COMPRA,1.00018,camelot
2026-01-12 22:42:28,MIM,COMPRA,1.0004,uniswap
2026-01-12 22:53:10,USDT,COMPRA,0.9992,uniswap
2026-01-12 22:53:10,USDe,COMPRA,1.00018,camelot
2026-01-12 22:53:10,MIM,COMPRA,1.0004,uniswap
2026-01-12 23:14:29,USDT,COMPRA,0.9992,uniswap
2026-01-12 23:14:29,USDe,COMPRA,1.00037,camelot
2026-01-12 23:14:29,MIM,COMPRA,1.0004,uniswap
2026-01-12 23:30:03,USDT,COMPRA,0.9992,uniswap
2026-01-12 23:30:03,USDe,COMPRA,1.00037,camelot
2026-01-12 23:30:03,MIM,COMPRA,1.0004,uniswap
2026-01-12 23:43:22,USDT,COMPRA,0.9992,uniswap
2026-01-12 23:43:22,USDe,COMPRA,1.00048,camelot
2026-01-12 23:43:22,MIM,COMPRA,1.0004,uniswap
2026-01-12 23:52:47,USDT,COMPRA,0.9992,uniswap
2026-01-12 23:52:47,USDe,COMPRA,1.00048,camelot
2026-01-12 23:52:47,MIM,COMPRA,1.0004,uniswap
2026-01-13 01:19:28,USDT,COMPRA,0.9991,uniswap
2026-01-13 01:19:28,USDe,COMPRA,1.00031,camelot
2026-01-13 01:19:28,MIM,COMPRA,1.0004,uniswap
2026-01-13 03:12:55,USDT,COMPRA,0.9991,uniswap
2026-01-13 03:12:55,USDe,COMPRA,1.00036,camelot
2026-01-13 03:12:55,MIM,COMPRA,1.0004,uniswap
2026-01-13 04:10:51,USDT,COMPRA,0.9991,uniswap
2026-01-13 04:10:51,USDe,COMPRA,1.00041,camelot
2026-01-13 04:10:51,MIM,COMPRA,1.0004,uniswap
2026-01-13 04:52:55,USDT,COMPRA,0.9991,uniswap
2026-01-13 04:52:55,USDe,COMPRA,1.00042,camelot
2026-01-13 04:52:55,MIM,COMPRA,1.0004,uniswap
2026-01-13 05:23:02,USDT,COMPRA,0.999,uniswap
2026-01-13 05:23:02,USDe,COMPRA,1.00045,camelot
2026-01-13 05:23:02,MIM,COMPRA,1.0004,uniswap
2026-01-13 05:47:57,USDT,COMPRA,0.999,uniswap
2026-01-13 05:47:57,USDe,COMPRA,1.00045,camelot
2026-01-13 05:47:57,MIM,COMPRA,1.0004,uniswap
2026-01-13 06:28:44,USDT,COMPRA,0.9991,uniswap
2026-01-13 06:28:44,USDe,COMPRA,1.00049,camelot
2026-01-13 06:28:44,MIM,COMPRA,1.0004,uniswap
2026-01-13 06:59:04,USDT,COMPRA,0.999,uniswap
2026-01-13 06:59:04,USDe,COMPRA,1.00049,camelot
2026-01-13 06:59:04,MIM,COMPRA,1.0004,uniswap
2026-01-13 07:31:04,USDT,COMPRA,0.999,uniswap
2026-01-13 07:31:04,USDe,COMPRA,1.00047,camelot
2026-01-13 07:31:04,MIM,COMPRA,1.0004,uniswap
2026-01-13 07:52:00,USDT,COMPRA,0.9989,uniswap
2026-01-13 07:52:00,USDe,COMPRA,1.00047,camelot
2026-01-13 07:52:00,MIM,COMPRA,1.0004,uniswap
2026-01-13 08:26:23,USDT,COMPRA,0.9991,uniswap
2026-01-13 08:26:23,USDe,COMPRA,1.00047,camelot
2026-01-13 08:26:23,MIM,COMPRA,1.0004,uniswap
2026-01-13 08:55:10,USDT,COMPRA,0.9991,uniswap
2026-01-13 08:55:10,USDe,COMPRA,1.00026,camelot
2026-01-13 08:55:10,MIM,COMPRA,1.0004,uniswap
2026-01-13 09:25:23,USDT,COMPRA,0.9991,uniswap
2026-01-13 09:25:23,USDe,COMPRA,1.00035,camelot
2026-01-13 09:25:23,MIM,COMPRA,1.0004,uniswap
2026-01-13 09:50:33,USDT,COMPRA,0.9991,uniswap
2026-01-13 09:50:33,USDe,COMPRA,1.00035,camelot
2026-01-13 09:50:33,MIM,COMPRA,1.0004,uniswap
2026-01-13 10:20:33,USDT,COMPRA,0.9991,uniswap
2026-01-13 10:20:33,USDe,COMPRA,1.0003,camelot
2026-01-13 10:20:33,MIM,COMPRA,1.0004,uniswap
2026-01-13 10:49:20,USDT,COMPRA,0.9991,uniswap
2026-01-13 10:49:20,USDe,COMPRA,1.00053,camelot
2026-01-13 10:49:20,MIM,COMPRA,1.0004,uniswap
2026-01-13 11:17:39,USDT,COMPRA,0.9991,uniswap
2026-01-13 11:17:39,USDe,COMPRA,1.00053,camelot
2026-01-13 11:17:39,MIM,COMPRA,1.0004,uniswap
2026-01-13 11:41:14,USDT,COMPRA,0.9991,uniswap
2026-01-13 11:41:14,USDe,COMPRA,1.00055,camelot
2026-01-13 11:41:14,MIM,COMPRA,1.0004,uniswap
2026-01-13 11:51:55,USDT,COMPRA,0.9992,uniswap
2026-01-13 11:51:55,USDe,COMPRA,1.00055,camelot
2026-01-13 11:51:55,MIM,COMPRA,1.0004,uniswap
2026-01-13 12:39:43,USDT,COMPRA,0.9992,uniswap
2026-01-13 12:39:43,USDe,COMPRA,1.00056,camelot
2026-01-13 12:39:43,MIM,COMPRA,1.0004,uniswap
2026-01-13 13:29:02,USDT,COMPRA,0.9991,uniswap
2026-01-13 13:29:02,USDe,COMPRA,1.00054,camelot
2026-01-13 13:29:02,MIM,COMPRA,1.0004,uniswap
2026-01-13 13:58:24,USDT,COMPRA,0.9991,uniswap
2026-01-13 13:58:24,USDe,COMPRA,1.00054,camelot
2026-01-13 13:58:24,MIM,COMPRA,1.0004,uniswap
2026-01-13 14:30:46,USDT,COMPRA,0.9991,uniswap
2026-01-13 14:30:46,USDe,COMPRA,1.00084,camelot
2026-01-13 14:30:46,MIM,COMPRA,1.0004,uniswap
2026-01-13 14:59:07,USDT,COMPRA,0.9992,uniswap
2026-01-13 14:59:07,USDe,COMPRA,1.00066,camelot
2026-01-13 14:59:07,MIM,COMPRA,1.0004,uniswap
2026-01-13 15:33:51,USDT,COMPRA,0.9992,uniswap
2026-01-13 15:33:51,USDe,COMPRA,1.00062,camelot
2026-01-13 15:33:51,MIM,COMPRA,1.0004,uniswap
2026-01-13 15:58:07,USDT,COMPRA,0.9993,uniswap
2026-01-13 15:58:07,USDe,COMPRA,1.00073,camelot
2026-01-13 15:58:07,MIM,COMPRA,1.0004,uniswap
2026-01-13 16:37:26,USDT,COMPRA,0.9994,uniswap
2026-01-13 16:37:26,USDe,COMPRA,1.00071,camelot
2026-01-13 16:37:26,MIM,COMPRA,1.0004,uniswap
2026-01-13 17:03:08,USDT,COMPRA,0.9995,uniswap
2026-01-13 17:03:08,USDe,COMPRA,1.00057,camelot
2026-01-13 17:03:08,MIM,COMPRA,1.00026,uniswap
2026-01-13 17:42:48,USDT,COMPRA,0.9995,uniswap
2026-01-13 17:42:48,USDe,COMPRA,1.00082,camelot
2026-01-13 17:42:48,MIM,COMPRA,1.00026,uniswap
2026-01-13 17:57:29,USDT,COMPRA,0.9995,uniswap
2026-01-13 17:57:29,USDe,COMPRA,1.00043,camelot
2026-01-13 17:57:29,MIM,COMPRA,1.00026,uniswap
2026-01-13 18:34:32,USDT,COMPRA,0.9995,uniswap
2026-01-13 18:34:32,USDe,COMPRA,1.0006,camelot
2026-01-13 18:34:32,MIM,COMPRA,1.00026,uniswap
2026-01-13 19:00:09,USDT,COMPRA,0.9995,uniswap
2026-01-13 19:00:09,USDe,COMPRA,1.0007,camelot
2026-01-13 19:00:09,MIM,COMPRA,1.00026,uniswap
2026-01-13 19:27:38,USDT,COMPRA,0.9996,uniswap
2026-01-13 19:27:38,USDe,COMPRA,1.00058,camelot
2026-01-13 19:27:38,MIM,COMPRA,1.00026,uniswap
2026-01-13 19:39:53,USDT,COMPRA,0.9996,uniswap
2026-01-13 19:39:53,USDe,COMPRA,1.00053,camelot
2026-01-13 19:39:53,MIM,COMPRA,1.00026,uniswap
2026-01-13 19:50:45,USDT,COMPRA,0.9996,uniswap
2026-01-13 19:50:45,USDe,COMPRA,1.00053,camelot
2026-01-13 19:50:45,MIM,COMPRA,1.00026,uniswap
2026-01-13 20:20:59,USDT,COMPRA,0.9996,uniswap
2026-01-13 20:20:59,USDe,COMPRA,1.00044,camelot
2026-01-13 20:20:59,MIM,COMPRA,1.00026,uniswap
2026-01-13 20:46:05,USDT,COMPRA,0.9997,uniswap
2026-01-13 20:46:05,USDe,COMPRA,1.00048,camelot
2026-01-13 20:46:05,MIM,COMPRA,1.00026,uniswap
2026-01-13 21:18:09,USDT,COMPRA,0.9997,uniswap
2026-01-13 21:18:09,USDe,COMPRA,1.00037,camelot
2026-01-13 21:18:09,MIM,COMPRA,1.00026,uniswap
2026-01-13 21:42:54,USDT,COMPRA,0.9999,uniswap
2026-01-13 21:42:54,USDe,COMPRA,1.00043,camelot
2026-01-13 21:42:54,MIM,COMPRA,1.00026,uniswap
